# Blender 5.1.2
# www.blender.org
mtllib 1.mtl
o rybf.001
v -135.481140 722.755615 27.764938
v -154.005585 736.551819 51.838730
v -116.627319 729.000793 49.632027
v -146.622192 768.793823 28.600048
v -112.760544 722.755615 34.983734
v -99.018730 754.814941 29.739008
v -104.144562 768.793823 42.096054
v -105.935234 771.737305 30.580786
v -112.494362 746.622986 37.762276
v -106.211266 743.438293 20.684551
v -136.759109 750.487305 69.440773
v -111.527962 736.551819 65.334732
v -130.511612 777.769043 49.777275
v -130.558868 744.250366 12.272486
v -120.198700 763.762024 27.874004
v -105.511299 761.591919 16.737091
vn 0.1594 0.9044 -0.3957
vn 0.8278 0.1907 0.5276
vn 0.1155 0.9244 -0.3636
vn -0.9239 -0.3799 0.0466
vn -0.6318 0.6863 -0.3604
vn -0.9391 -0.0111 -0.3434
vn -0.9510 0.0985 -0.2931
vn 0.2331 0.6382 -0.7337
vn -0.3916 -0.4773 -0.7866
vn 0.7874 -0.4688 -0.4003
vn 0.1485 0.8715 -0.4673
vn -0.9354 0.3203 0.1498
vn -0.2415 0.6032 0.7602
vn 0.3175 -0.7602 0.5668
vn -0.0907 -0.5921 0.8007
vn 0.3685 -0.6920 0.6208
vn 0.5084 -0.8120 -0.2866
vn -0.1543 -0.8637 0.4797
vn -0.8921 -0.3770 0.2490
vn -0.8541 0.1417 0.5004
vn -0.9345 0.3225 0.1506
vn -0.2426 0.6025 0.7604
vn -0.6311 0.3709 -0.6813
vn -0.3127 0.2133 0.9256
vn -0.1512 -0.8636 0.4810
vt 0.321509 0.469636
vt 0.338757 0.422511
vt 0.361626 0.466078
vt 0.326642 0.621981
vt 0.287635 0.572710
vt 0.337769 0.559211
vt 0.343354 0.481574
vt 0.368008 0.520076
vt 0.390813 0.522340
vt 0.389293 0.538207
vt 0.366897 0.495219
vt 0.345174 0.511738
vt 0.380442 0.422577
vt 0.389148 0.464553
vt 0.308440 0.524110
vt 0.244005 0.541529
vt 0.278572 0.494660
vt 0.280045 0.552297
vt 0.313346 0.512717
vt 0.258007 0.572731
vt 0.222785 0.578772
vt 0.230072 0.550555
vt 0.278555 0.613481
vt 0.362391 0.542558
s 0
usemtl caith_sith
f 1/1/1 2/2/1 3/3/1
f 1/4/2 4/5/2 2/6/2
f 3/3/3 5/7/3 1/1/3
f 6/8/4 7/9/4 8/10/4
f 9/11/5 6/8/5 10/12/5
f 9/11/6 10/12/6 3/3/6
f 3/3/7 10/12/7 5/7/7
f 2/2/8 11/13/8 12/14/8
f 11/15/9 7/16/9 12/17/9
f 2/6/10 13/18/10 11/15/10
f 12/14/11 3/3/11 2/2/11
f 12/14/12 9/11/12 3/3/12
f 5/7/13 14/19/13 1/1/13
f 15/20/14 16/21/14 8/22/14
f 15/20/15 4/5/15 14/23/15
f 15/20/16 14/23/16 16/21/16
f 15/20/17 8/22/17 7/16/17
f 15/20/18 7/16/18 13/18/18
f 8/10/19 16/24/19 6/8/19
f 16/24/20 10/12/20 6/8/20
f 7/9/21 9/11/21 12/14/21
f 10/12/22 14/19/22 5/7/22
f 6/8/23 9/11/23 7/9/23
f 14/19/24 10/12/24 16/24/24
f 14/23/2 4/5/2 1/4/2
f 4/5/10 13/18/10 2/6/10
f 13/18/25 4/5/25 15/20/25
f 13/18/9 7/16/9 11/15/9
o rybe.001
v -98.073181 689.162537 -39.862877
v -122.545586 729.377808 6.354671
v -105.752106 729.377808 11.690304
v -91.684906 682.548767 -32.585083
v -107.490540 682.548767 -37.606857
v -108.970505 715.323608 21.819984
v -125.763992 715.323608 16.484352
v -101.102264 675.934998 -30.329062
v -119.254478 708.829895 22.099529
v -129.745132 713.487732 15.070354
v -130.202820 723.953857 6.619923
v -120.282883 732.347046 3.111584
v -107.455246 732.347046 7.187187
v -101.379379 723.953857 15.777718
v -106.630524 713.487732 22.414337
v -121.713570 711.354858 29.839333
v -134.155273 716.879028 21.502884
v -134.698074 729.291626 11.480850
v -122.933243 739.245728 7.320038
v -107.719940 739.245728 12.153614
v -100.514084 729.291626 22.341805
v -106.741837 716.879028 30.212692
v -123.454185 719.168152 35.317787
v -134.026077 723.862122 28.234180
v -134.487305 734.409241 19.718315
v -124.490562 742.867432 16.182808
v -111.563591 742.867432 20.289970
v -105.440674 734.409241 28.947021
v -110.732483 723.862122 35.635033
v -116.098801 720.395081 12.167282
v -120.912598 732.417664 27.318352
vn 0.1865 0.7879 -0.5869
vn 0.2415 -0.6032 -0.7602
vn 0.8233 0.5005 -0.2678
vn 0.9531 -0.0000 0.3028
vn -0.5144 0.4932 -0.7015
vn -0.9491 -0.0096 -0.3148
vn -0.7747 -0.6218 0.1150
vn -0.1826 -0.7976 0.5749
vn 0.5642 -0.6157 0.5501
vn 0.3114 -0.8698 0.3827
vn 0.8916 0.2866 -0.3506
vn -0.5257 0.2866 -0.8009
vn -0.4752 -0.8698 0.1328
vn 0.9197 -0.3552 0.1676
vn 0.2483 0.5722 -0.7816
vn -0.8477 -0.3552 -0.3940
vn 0.1780 -0.5381 0.8239
vn 0.7673 0.6364 0.0792
vn -0.6722 0.6364 -0.3782
vn -0.6209 -0.5381 0.5701
vn 0.7958 -0.0154 0.6054
vn 0.1139 0.9265 -0.3586
vn -0.9993 -0.0154 0.0351
vn 0.2641 -0.6688 -0.6949
vn 0.3222 -0.5531 -0.7683
vn 0.1803 -0.5531 -0.8133
vn 0.1854 -0.6688 -0.7199
vn 0.3250 -0.6173 -0.7164
vn 0.2578 -0.5245 -0.8114
vn 0.1481 -0.6173 -0.7726
vn -0.1590 0.5844 0.7958
vn -0.2237 0.6738 0.7042
vn -0.3295 0.5844 0.7416
vn -0.2177 0.5347 0.8165
vn -0.1617 0.6463 0.7458
vn -0.2984 0.6463 0.7023
vn -0.2935 0.5347 0.7924
vt 0.221369 0.773658
vt 0.221369 0.625866
vt 0.250212 0.625866
vt 0.250212 0.788453
vt 0.189694 0.788453
vt 0.280034 0.625866
vt 0.189694 0.625866
vt 0.310089 0.788453
vt 0.280034 0.773986
vt 0.310801 0.625866
vt 0.049190 0.401600
vt 0.047520 0.418513
vt 0.042572 0.408792
vt 0.039209 0.387090
vt 0.055896 0.385170
vt 0.047693 0.391942
vt 0.027284 0.400049
vt 0.021525 0.384423
vt 0.030126 0.390698
vt 0.032823 0.408102
vt 0.028445 0.418098
vt 0.059737 0.403858
vt 0.038891 0.376520
vt 0.016877 0.402927
vt 0.053241 0.429111
vt 0.065152 0.376924
vt 0.005013 0.405886
vt 0.011623 0.376924
vt 0.023534 0.429111
vt 0.071763 0.405886
vt 0.038388 0.364035
vt 0.038388 0.398268
vt 0.139112 0.394927
vt 0.126999 0.420079
vt 0.106941 0.394927
vt 0.099783 0.426291
vt 0.077957 0.408886
vt 0.077957 0.380969
vt 0.099783 0.363564
vt 0.126999 0.369776
s 0
usemtl caith_sith
f 17/25/26 18/26/26 19/27/26
f 17/25/27 20/28/27 21/29/27
f 19/27/28 20/28/28 17/25/28
f 19/27/29 22/30/29 20/28/29
f 18/26/30 17/25/30 21/29/30
f 21/29/31 23/31/31 18/26/31
f 21/32/27 20/28/27 24/33/27
f 23/34/32 21/32/32 24/33/32
f 24/33/33 22/30/33 23/34/33
f 22/30/34 24/33/34 20/28/34
f 31/35/35 32/36/35 25/37/35
f 29/38/36 37/39/36 30/40/36
f 27/41/37 35/42/37 28/43/37
f 26/44/38 32/36/38 33/45/38
f 31/35/39 37/39/39 38/46/39
f 28/43/40 36/47/40 29/38/40
f 26/44/41 34/48/41 27/41/41
f 38/46/42 39/49/42 32/36/42
f 36/47/43 44/50/43 37/39/43
f 35/42/44 41/51/44 42/52/44
f 32/36/45 40/53/45 33/45/45
f 38/46/46 44/50/46 45/54/46
f 35/42/47 43/55/47 36/47/47
f 33/45/48 41/51/48 34/48/48
f 31/35/49 25/37/49 46/56/49
f 29/38/50 30/40/50 46/56/50
f 27/41/51 28/43/51 46/56/51
f 25/37/52 26/44/52 46/56/52
f 30/40/53 31/35/53 46/56/53
f 28/43/54 29/38/54 46/56/54
f 26/44/55 27/41/55 46/56/55
f 45/57/56 44/58/56 47/59/56
f 43/60/57 42/61/57 47/59/57
f 41/62/58 40/63/58 47/59/58
f 39/64/59 45/57/59 47/59/59
f 44/58/60 43/60/60 47/59/60
f 42/61/61 41/62/61 47/59/61
f 40/63/62 39/64/62 47/59/62
f 31/35/35 38/46/35 32/36/35
f 29/38/36 36/47/36 37/39/36
f 27/41/37 34/48/37 35/42/37
f 26/44/38 25/37/38 32/36/38
f 31/35/39 30/40/39 37/39/39
f 28/43/40 35/42/40 36/47/40
f 26/44/41 33/45/41 34/48/41
f 38/46/42 45/54/42 39/49/42
f 36/47/43 43/55/43 44/50/43
f 35/42/44 34/48/44 41/51/44
f 32/36/45 39/49/45 40/53/45
f 38/46/46 37/39/46 44/50/46
f 35/42/47 42/52/47 43/55/47
f 33/45/48 40/53/48 41/51/48
o rybd.001
v -84.246529 659.335999 -74.015114
v -73.984940 665.478088 -77.433136
v -63.682663 635.992188 -89.430214
v -41.979431 647.273376 -113.384979
v -43.436142 657.344055 -87.088852
v -60.348343 677.146606 -103.535637
v -73.139633 649.784180 -121.955978
v -81.972916 674.718750 -79.780319
v -89.412773 665.478088 -83.517380
v -89.224831 657.918152 -106.596283
v -107.401306 685.232056 -37.903759
v -98.550591 692.923462 -37.744244
v -91.973473 685.232056 -31.819519
v -100.824196 677.540649 -31.979034
vn 0.4207 -0.2119 0.8821
vn 0.8141 0.5559 -0.1678
vn 0.6768 -0.6742 0.2957
vn 0.0359 -0.9163 -0.3990
vn 0.2127 -0.3036 0.9288
vn 0.5491 0.6177 0.5630
vn 0.3710 0.7600 0.5336
vn -0.7131 0.6645 -0.2235
vn -0.8599 -0.4872 0.1526
vn -0.4891 0.7925 -0.3643
vn -0.6966 -0.7042 0.1371
vn -0.3457 0.6298 -0.6956
vn -0.7547 -0.6559 -0.0136
vn -0.5609 0.6559 -0.5052
vn -0.3403 0.3737 0.8629
vn -0.5715 -0.8019 -0.1739
vn 0.2705 0.4474 -0.8524
vn 0.7547 0.6559 0.0136
vn 0.5609 -0.6559 0.5052
vt 0.237445 0.413531
vt 0.258760 0.402400
vt 0.278156 0.443661
vt 0.230674 0.530432
vt 0.187533 0.509195
vt 0.219764 0.482821
vt 0.310636 0.421545
vt 0.315358 0.468840
vt 0.265707 0.488977
vt 0.186841 0.453583
vt 0.203000 0.438270
vt 0.227258 0.433738
vt 0.246310 0.461158
vt 0.174849 0.361159
vt 0.167685 0.377539
vt 0.198152 0.340292
vt 0.193324 0.358523
vt 0.149107 0.377214
s 0
usemtl caith_sith
f 48/65/63 50/67/63 49/66/63
f 51/68/64 53/70/64 52/69/64
f 50/67/65 51/72/65 52/71/65
f 50/67/66 54/73/66 51/72/66
f 49/66/67 50/67/67 52/71/67
f 53/70/68 55/75/68 49/74/68
f 53/70/69 49/74/69 52/69/69
f 55/75/70 57/77/70 56/76/70
f 57/77/71 48/65/71 56/76/71
f 57/77/72 55/75/72 53/70/72
f 57/77/73 50/67/73 48/65/73
f 57/77/74 53/70/74 54/73/74
f 58/78/75 56/76/75 48/65/75
f 58/78/76 59/79/76 56/76/76
f 58/78/77 61/81/77 60/80/77
f 54/73/78 50/67/78 57/77/78
f 54/73/79 53/70/79 51/68/79
f 59/79/80 60/82/80 55/75/80
f 59/79/76 55/75/76 56/76/76
f 59/79/77 58/78/77 60/82/77
f 60/82/80 49/74/80 55/75/80
f 60/80/81 61/81/81 49/66/81
f 61/81/75 58/78/75 48/65/75
f 61/81/81 48/65/81 49/66/81
o rybq.001
v -64.631310 381.127411 -171.605469
v -84.325058 411.413483 -212.586929
v -105.107651 348.051788 -193.610886
v -64.631310 345.059021 -161.820786
v -23.772816 348.051788 -193.610886
v -44.937561 411.413483 -212.586929
v -44.937561 448.153290 -234.170593
v -64.631310 433.835205 -217.775925
v -84.325058 448.153290 -234.170593
v -35.608940 392.369690 -244.356277
v -28.353348 412.142273 -266.996521
v -64.631310 324.870117 -167.067139
v -64.631310 461.107758 -249.003860
v -100.909271 412.142273 -266.996521
v -93.653679 392.369690 -244.356277
v -64.631310 433.710571 -291.692902
v -33.368713 358.660675 -185.862457
v -92.820663 360.840576 -184.603882
v -91.829269 332.678192 -176.007629
v -85.724426 348.521851 -169.444427
v -44.148186 347.918549 -170.072845
v -39.350235 332.888367 -176.248260
v -43.003120 426.697083 -283.662231
v -51.295227 457.253571 -244.590714
v -77.967392 457.089630 -244.403000
v -86.259499 426.533142 -283.474518
vn -0.6219 0.4565 0.6362
vn 0.6038 0.4041 0.6871
vn 0.3299 0.4782 0.8139
vn -0.3299 0.4782 0.8139
vn -0.0000 0.2255 0.9743
vn 0.9565 -0.0174 0.2913
vn -0.3642 -0.2342 0.9014
vn 0.9390 0.3359 0.0744
vn -0.0000 0.7532 0.6578
vn -0.4360 0.7574 -0.4861
vn -0.6994 0.1860 0.6901
vn -0.9565 -0.0174 0.2913
vn -0.0000 0.8042 0.5943
vn -0.9420 0.1700 0.2894
vn 0.8015 0.4007 0.4440
vn -0.9403 0.3316 0.0773
vn 0.9420 0.1700 0.2894
vn -0.0000 -0.7532 -0.6578
vn -0.2925 0.2504 0.9229
vn 0.6199 0.4585 0.6368
vn 0.8846 0.4395 -0.1559
vn 0.3912 -0.2315 0.8907
vn -0.7751 0.4006 0.4886
vn -0.6182 0.4430 0.6493
vn 0.8177 0.0247 0.5751
vn 0.3323 0.2469 0.9103
vn 0.3908 0.7635 -0.5142
vn -0.8816 0.4439 -0.1601
vn -0.3635 -0.2335 0.9019
vn -0.4045 0.7601 -0.5086
vn -0.8568 0.1227 0.5008
vn 0.7996 0.5618 -0.2123
vn 0.3972 -0.2374 0.8865
vn 0.6927 0.1054 0.7135
vn 0.4279 0.7606 -0.4882
vn -0.7970 0.5640 -0.2160
vt 0.460054 0.489521
vt 0.501593 0.507403
vt 0.450433 0.520144
vt 0.433961 0.469722
vt 0.449216 0.455379
vt 0.501614 0.471656
vt 0.530473 0.478618
vt 0.517248 0.489539
vt 0.530457 0.500481
vt 0.517565 0.439698
vt 0.548911 0.445094
vt 0.434266 0.509116
vt 0.407792 0.489264
vt 0.430188 0.489364
vt 0.444354 0.439485
vt 0.537143 0.482931
vt 0.537026 0.496202
vt 0.567069 0.513724
vt 0.538995 0.489558
vt 0.573683 0.489612
vt 0.420013 0.521599
vt 0.444393 0.539371
vt 0.548845 0.534021
vt 0.517493 0.539373
vt 0.414701 0.609329
vt 0.416839 0.557073
vt 0.440726 0.544948
vt 0.558614 0.569295
vt 0.556837 0.612367
vt 0.534125 0.625915
vt 0.504542 0.617285
vt 0.436920 0.625915
vt 0.507258 0.559503
vt 0.537521 0.553687
vt 0.567252 0.465598
vt 0.419939 0.458801
vt 0.403750 0.583592
vt 0.568463 0.591336
s 0
usemtl caith_sith
f 62/83/82 63/84/82 79/85/82
f 62/83/83 82/86/83 78/87/83
f 67/88/84 68/89/84 69/90/84
f 69/90/85 70/91/85 63/84/85
f 67/88/86 69/90/86 63/84/86
f 67/88/87 71/92/87 72/93/87
f 81/94/88 73/95/88 65/96/88
f 67/88/89 66/97/89 71/92/89
f 85/98/90 69/90/90 68/89/90
f 69/90/90 86/99/90 70/91/90
f 87/100/91 74/101/91 77/102/91
f 80/103/92 79/85/92 64/104/92
f 63/84/93 75/105/93 76/106/93
f 63/84/94 62/83/94 67/88/94
f 63/84/95 70/91/95 75/105/95
f 66/97/96 67/88/96 78/87/96
f 76/106/97 64/104/97 63/84/97
f 72/93/98 68/89/98 67/88/98
f 83/107/99 80/108/99 64/109/99
f 87/110/99 84/111/99 72/112/99
f 71/113/99 66/114/99 76/115/99
f 76/115/99 66/114/99 64/109/99
f 76/115/99 75/116/99 71/113/99
f 71/113/99 75/116/99 72/112/99
f 62/83/100 81/94/100 65/96/100
f 78/87/101 67/88/101 62/83/101
f 68/89/102 84/117/102 85/98/102
f 73/95/103 82/86/103 65/96/103
f 79/85/104 63/84/104 64/104/104
f 79/85/105 81/94/105 62/83/105
f 83/118/106 78/87/106 82/86/106
f 82/86/107 62/83/107 65/96/107
f 84/117/108 74/101/108 85/98/108
f 87/100/109 70/91/109 86/99/109
f 81/94/110 80/103/110 73/95/110
f 85/98/90 74/101/90 69/90/90
f 69/90/90 74/101/90 86/99/90
f 87/100/111 86/99/111 74/101/111
f 80/103/112 81/94/112 79/85/112
f 64/109/99 66/114/99 83/107/99
f 83/107/99 73/119/99 80/108/99
f 72/112/99 75/116/99 87/110/99
f 87/110/99 77/120/99 84/111/99
f 68/89/113 72/93/113 84/117/113
f 73/95/114 83/118/114 82/86/114
f 83/118/115 66/97/115 78/87/115
f 84/117/116 77/102/116 74/101/116
f 87/100/117 75/105/117 70/91/117
o rybp.001
v -64.345734 450.443390 -186.757477
v -64.345734 430.202606 -247.095245
v -96.477646 471.579620 -210.959122
v -32.213825 471.579620 -210.959122
v -64.345734 492.715851 -235.160767
v -64.345734 479.079559 -219.546814
v -52.944088 471.579620 -210.959122
v -64.345734 511.868896 -190.910629
v -52.944088 504.368958 -182.322952
v -75.747375 504.368958 -182.322952
v -64.345734 464.079681 -202.371445
v -64.345734 496.868988 -173.735275
v -75.747375 471.579620 -210.959122
vn -0.6534 -0.7177 0.2408
vn 0.6534 -0.7177 0.2408
vn -0.6534 0.1420 -0.7436
vn 0.6534 0.1420 -0.7436
vn 0.7071 0.4651 -0.5326
vn -0.0000 0.7532 0.6578
vn 0.7071 -0.4651 0.5326
vn -0.7071 0.4651 -0.5326
vn -0.7071 -0.4651 0.5326
vt 0.393181 0.835135
vt 0.354440 0.800323
vt 0.297978 0.824253
vt 0.347583 0.860308
vt 0.356366 0.748273
vt 0.337715 0.911449
vt 0.280960 0.625864
vt 0.280960 0.774740
vt 0.310072 0.625864
vt 0.311255 0.788290
vt 0.249820 0.788290
vt 0.191000 0.625864
vt 0.191000 0.788290
vt 0.219668 0.625864
vt 0.219668 0.774345
vt 0.249353 0.625864
s 0
usemtl caith_sith
f 88/121/118 90/122/118 89/123/118
f 91/124/119 88/121/119 89/123/119
f 92/125/120 89/123/120 90/122/120
f 92/126/121 91/124/121 89/123/121
f 93/127/122 95/128/122 94/129/122
f 95/128/122 96/130/122 94/129/122
f 95/128/123 97/131/123 96/130/123
f 94/132/124 96/133/124 98/134/124
f 96/133/124 99/135/124 98/134/124
f 100/136/125 97/131/125 93/127/125
f 97/131/125 95/128/125 93/127/125
f 97/131/123 99/135/123 96/133/123
f 98/134/126 99/135/126 100/136/126
f 99/135/126 97/131/126 100/136/126
f 90/122/123 88/121/123 92/125/123
f 88/121/123 91/124/123 92/126/123
o rybo.001
v -37.982693 571.055298 -164.947998
v -62.039223 556.544067 -136.962143
v -62.039223 582.456909 -157.692413
v -62.039223 582.456909 -179.459183
v -62.039223 568.982239 -201.225967
v -86.095749 571.055298 -164.947998
v -26.477402 545.142456 -153.546356
v -65.177032 525.448669 -135.925629
v -66.222969 480.878632 -168.057541
v -37.982693 497.462830 -185.678268
v -64.131096 487.097717 -198.116425
v -69.360779 492.280273 -144.217743
v -96.555107 531.667786 -153.546356
v -79.820137 494.353302 -189.824326
v -30.661140 548.252014 -191.897339
v -62.039223 534.777344 -213.664124
v -64.131096 510.937500 -213.664124
v -89.233566 539.959900 -191.897339
vn 0.4694 0.5516 0.6895
vn 0.5846 0.6899 -0.4271
vn -0.4694 0.5516 0.6895
vn -0.4283 0.9036 -0.0000
vn 0.4194 -0.0121 0.9077
vn 0.4922 0.5243 0.6949
vn 0.4283 0.9036 -0.0000
vn 0.4268 -0.8910 -0.1547
vn 0.5090 -0.2686 0.8177
vn -0.5064 -0.1485 0.8494
vn -0.6038 0.3654 0.7085
vn -0.4765 0.0773 0.8758
vn -0.8299 -0.5379 0.1480
vn -0.8216 -0.5415 0.1780
vn -0.4992 -0.8410 -0.2087
vn 0.4509 0.3050 -0.8388
vn 0.5834 0.6912 -0.4264
vn 0.9228 0.3789 -0.0699
vn 0.5840 -0.0512 -0.8101
vn -0.5663 0.2817 -0.7746
vn -0.5846 0.6899 -0.4271
vn -0.7070 0.5026 -0.4976
vn -0.6177 0.0542 -0.7846
vn -0.9518 -0.2068 -0.2264
vn -0.9665 0.2168 -0.1376
vn -0.5709 -0.4485 -0.6877
vn 0.6722 -0.1847 -0.7170
vn 0.5238 -0.4653 -0.7135
vn -0.7570 -0.1847 -0.6267
vn 0.6366 -0.6598 0.3993
vn 0.9805 -0.1560 -0.1196
vn 0.7199 -0.4989 0.4825
vt 0.498620 0.277539
vt 0.482825 0.238161
vt 0.436228 0.279402
vt 0.566318 0.260209
vt 0.523875 0.238201
vt 0.286473 0.226396
vt 0.300646 0.268316
vt 0.350530 0.226396
vt 0.254122 0.253857
vt 0.486233 0.311600
vt 0.423728 0.338704
vt 0.483450 0.423638
vt 0.546434 0.415289
vt 0.518594 0.371864
vt 0.431996 0.403443
vt 0.393278 0.268122
vt 0.346705 0.297773
vt 0.414972 0.328351
vt 0.401749 0.376522
vt 0.348811 0.375297
vt 0.350362 0.410038
vt 0.530009 0.308995
vt 0.588782 0.328348
vt 0.588782 0.373211
vt 0.259546 0.368024
vt 0.299939 0.324836
vt 0.235046 0.299806
vt 0.293868 0.400182
s 0
usemtl caith_sith
f 101/137/127 103/138/127 102/139/127
f 101/137/128 105/140/128 104/141/128
f 103/142/129 106/143/129 102/144/129
f 103/142/130 104/145/130 106/143/130
f 107/146/131 102/139/131 108/147/131
f 107/146/132 101/137/132 102/139/132
f 104/141/133 103/138/133 101/137/133
f 109/148/134 111/149/134 110/150/134
f 108/147/135 112/151/135 107/146/135
f 108/152/136 113/153/136 112/154/136
f 113/153/137 102/144/137 106/143/137
f 113/153/138 108/152/138 102/144/138
f 113/153/139 109/155/139 112/154/139
f 114/156/140 109/155/140 113/153/140
f 111/157/141 109/155/141 114/156/141
f 115/158/142 116/159/142 105/140/142
f 115/158/143 105/140/143 101/137/143
f 115/158/144 101/137/144 107/146/144
f 116/159/145 115/158/145 117/160/145
f 116/161/146 118/162/146 105/163/146
f 105/163/147 106/143/147 104/145/147
f 105/163/148 118/162/148 106/143/148
f 118/162/149 116/161/149 117/164/149
f 118/162/150 114/156/150 113/153/150
f 118/162/151 113/153/151 106/143/151
f 117/164/152 111/157/152 114/156/152
f 117/160/153 115/158/153 110/150/153
f 117/160/154 110/150/154 111/149/154
f 117/164/155 114/156/155 118/162/155
f 110/150/156 112/151/156 109/148/156
f 110/150/157 115/158/157 107/146/157
f 110/150/158 107/146/158 112/151/158
o ryaq.001
v 219.662247 -234.395187 -154.039825
v 289.069672 -54.707657 -234.039825
v 435.443970 -156.921021 -95.039833
v 217.481384 -266.320801 2.960167
v 125.880798 -227.988892 -75.039833
v 84.546326 -40.736496 -116.039833
v 466.320740 -27.724937 120.960167
v 444.739197 -167.579285 108.960167
v 355.346039 -243.663864 -75.039833
v 466.320740 -27.724937 -115.039833
v 355.346039 -243.663864 80.960167
v 125.880798 -227.988892 80.960167
v 219.662247 -234.395187 159.960175
v 141.319092 100.723228 -84.039833
v 276.005188 91.522705 -163.039825
v 141.319092 100.723228 71.960167
v 76.701218 -38.195930 180.960175
v 288.072021 -54.639503 240.960175
v 276.005188 91.522705 150.960175
v 430.644836 80.959145 71.960167
v 420.668091 81.640663 -71.039833
v 272.317383 154.921432 2.960167
vn 0.3902 -0.4961 -0.7757
vn -0.2310 -0.9528 -0.1970
vn -0.6271 -0.2962 -0.7204
vn 0.9876 -0.1479 -0.0527
vn 0.3965 -0.5377 -0.7441
vn 0.9726 -0.2324 -0.0000
vn 0.6591 -0.7489 -0.0692
vn 0.5654 -0.2565 -0.7840
vn -0.3860 -0.9225 -0.0000
vn -0.2310 -0.9528 0.1970
vn -0.5006 -0.1833 -0.8460
vn -0.4466 0.3641 -0.8173
vn -0.4546 0.3558 -0.8165
vn -0.9280 0.3725 -0.0000
vn -0.9751 -0.2205 -0.0239
vn 0.3283 -0.4891 0.8081
vn 0.5677 -0.1569 0.8081
vn 0.0486 -0.9789 -0.1984
vn 0.1622 -0.9868 -0.0000
vn 0.0486 -0.9789 0.1984
vn -0.5802 -0.4922 0.6489
vn 0.7347 -0.6784 -0.0000
vn 0.3466 -0.6545 0.6720
vn -0.1999 0.5017 0.8416
vn -0.2820 -0.3029 0.9104
vn -0.9145 0.4037 -0.0276
vn -0.9680 -0.2508 -0.0000
vn 0.4207 0.5006 0.7566
vn 0.9120 0.4055 -0.0617
vn 0.4607 0.4206 -0.7816
vn 0.4368 0.4850 0.7576
vn 0.4323 0.9013 -0.0259
vn 0.2528 0.8916 0.3756
vn 0.9501 0.3119 -0.0000
vn -0.3823 0.9240 -0.0000
vn 0.2761 0.8999 -0.3376
vn 0.4904 0.4937 -0.7182
vn -0.1456 0.9231 -0.3558
vn -0.1680 0.9046 0.3917
vn -0.3393 0.6733 0.6569
vt 0.801574 0.352385
vt 0.790200 0.387257
vt 0.765444 0.367191
vt 0.790178 0.307055
vt 0.831979 0.332595
vt 0.854909 0.404581
vt 0.736063 0.378672
vt 0.738668 0.359969
vt 0.772638 0.349536
vt 0.762229 0.385198
vt 0.735061 0.330278
vt 0.610645 0.314682
vt 0.676327 0.289151
vt 0.669691 0.337872
vt 0.696441 0.339788
vt 0.815513 0.457665
vt 0.779343 0.414081
vt 0.592953 0.406353
vt 0.681769 0.414639
vt 0.644097 0.456351
vt 0.679173 0.379619
vt 0.709325 0.374727
vt 0.710711 0.400396
vt 0.736387 0.395234
vt 0.755246 0.400256
vt 0.729217 0.457664
s 0
usemtl caitsith
f 119/165/159 120/166/159 121/167/159
f 119/165/160 122/168/160 123/169/160
f 119/165/161 123/169/161 124/170/161
f 121/167/162 125/171/162 126/172/162
f 121/167/163 127/173/163 119/165/163
f 121/167/164 128/174/164 125/171/164
f 121/167/165 126/172/165 129/175/165
f 120/166/166 128/174/166 121/167/166
f 123/176/167 122/177/167 130/178/167
f 130/178/168 122/177/168 131/179/168
f 124/170/169 120/166/169 119/165/169
f 124/170/170 132/180/170 120/166/170
f 120/166/171 132/180/171 133/181/171
f 124/182/172 134/183/172 132/184/172
f 124/182/173 123/176/173 135/185/173
f 126/172/174 136/186/174 131/179/174
f 126/172/175 125/171/175 136/186/175
f 127/173/176 122/168/176 119/165/176
f 129/175/177 122/168/177 127/173/177
f 131/179/178 122/177/178 129/175/178
f 135/185/179 130/178/179 131/179/179
f 129/175/180 127/173/180 121/167/180
f 131/179/181 129/175/181 126/172/181
f 135/185/182 136/186/182 137/187/182
f 131/179/183 136/186/183 135/185/183
f 135/185/184 134/183/184 124/182/184
f 135/185/185 123/176/185 130/178/185
f 136/186/186 138/188/186 137/187/186
f 128/174/187 139/189/187 138/188/187
f 128/174/188 120/166/188 133/181/188
f 125/171/189 138/188/189 136/186/189
f 139/189/190 140/190/190 138/188/190
f 138/188/191 140/190/191 137/187/191
f 138/188/192 125/171/192 128/174/192
f 134/183/193 140/190/193 132/184/193
f 133/181/194 140/190/194 139/189/194
f 133/181/195 139/189/195 128/174/195
f 132/180/196 140/190/196 133/181/196
f 137/187/197 140/190/197 134/183/197
f 137/187/198 134/183/198 135/185/198
o ryaq.002
v -117.675980 -226.987122 -154.039703
v -221.163910 -64.520966 -234.039703
v -344.500244 -193.599060 -95.039719
v -109.240494 -257.855286 2.960290
v -27.000793 -202.207886 -75.039711
v -23.414856 -10.481133 -116.039703
v -400.254883 -73.031982 120.960281
v -351.510437 -205.881454 108.960281
v -248.865616 -262.837952 -75.039719
v -400.254883 -73.031982 -115.039719
v -248.865616 -262.837952 80.960281
v -27.000793 -202.207886 80.960289
v -117.675987 -226.987122 159.960297
v -106.975731 117.000542 -84.039711
v -237.200729 81.413330 -163.039703
v -106.975731 117.000542 71.960289
v -16.225021 -6.443005 180.960297
v -220.199295 -64.257362 240.960297
v -237.200745 81.413330 150.960297
v -386.718323 40.553944 71.960281
v -377.072021 43.190033 -71.039719
v -246.091064 144.293869 2.960287
vn -0.2847 -0.5633 -0.7757
vn 0.4144 -0.8885 -0.1970
vn 0.6732 -0.1667 -0.7204
vn -0.9390 -0.3398 -0.0527
vn -0.2827 -0.6053 -0.7441
vn -0.9076 -0.4197 -0.0000
vn -0.4984 -0.8642 -0.0692
vn -0.5037 -0.3630 -0.7840
vn 0.5604 -0.8282 -0.0000
vn 0.4144 -0.8885 0.1970
vn 0.5270 -0.0809 -0.8460
vn 0.3660 0.4451 -0.8173
vn 0.3755 0.4385 -0.8165
vn 0.8363 0.5482 -0.0000
vn 0.9994 -0.0238 -0.0239
vn -0.2254 -0.5442 0.8081
vn -0.5256 -0.2659 0.8081
vn 0.1454 -0.9693 -0.1984
vn 0.0357 -0.9994 -0.0000
vn 0.1454 -0.9693 0.1984
vn 0.6659 -0.3681 0.6489
vn -0.5864 -0.8100 -0.0000
vn -0.2106 -0.7100 0.6720
vn 0.0970 0.5313 0.8416
vn 0.3362 -0.2413 0.9104
vn 0.8169 0.5762 -0.0276
vn 0.9985 -0.0550 -0.0000
vn -0.5112 0.4078 0.7566
vn -0.9741 0.2177 -0.0617
vn -0.5346 0.3215 -0.7816
vn -0.5239 0.3893 0.7576
vn -0.6016 0.7984 -0.0259
vn -0.4237 0.8242 0.3756
vn -0.9930 0.1183 -0.0000
vn 0.1925 0.9813 -0.0000
vn -0.4482 0.8277 -0.3376
vn -0.5782 0.3872 -0.7182
vn -0.0393 0.9337 -0.3558
vn -0.0138 0.9200 0.3917
vn 0.1999 0.7270 0.6569
vt 0.801574 0.352385
vt 0.790200 0.387257
vt 0.765444 0.367191
vt 0.790178 0.307055
vt 0.831979 0.332595
vt 0.854909 0.404581
vt 0.736063 0.378672
vt 0.738668 0.359969
vt 0.772638 0.349536
vt 0.762229 0.385198
vt 0.735061 0.330278
vt 0.610645 0.314682
vt 0.676327 0.289151
vt 0.669691 0.337872
vt 0.696441 0.339788
vt 0.815513 0.457665
vt 0.779343 0.414081
vt 0.592953 0.406353
vt 0.681769 0.414639
vt 0.644097 0.456351
vt 0.679173 0.379619
vt 0.709325 0.374727
vt 0.710711 0.400396
vt 0.736387 0.395234
vt 0.755246 0.400256
vt 0.729217 0.457664
s 0
usemtl caitsith
f 141/191/199 143/193/199 142/192/199
f 141/191/200 145/195/200 144/194/200
f 141/191/201 146/196/201 145/195/201
f 143/193/202 148/198/202 147/197/202
f 143/193/203 141/191/203 149/199/203
f 143/193/204 147/197/204 150/200/204
f 143/193/205 151/201/205 148/198/205
f 142/192/206 143/193/206 150/200/206
f 145/202/207 152/204/207 144/203/207
f 152/204/208 153/205/208 144/203/208
f 146/196/209 141/191/209 142/192/209
f 146/196/210 142/192/210 154/206/210
f 142/192/211 155/207/211 154/206/211
f 146/208/212 154/210/212 156/209/212
f 146/208/213 157/211/213 145/202/213
f 148/198/214 153/205/214 158/212/214
f 148/198/215 158/212/215 147/197/215
f 149/199/216 141/191/216 144/194/216
f 151/201/217 149/199/217 144/194/217
f 153/205/218 151/201/218 144/203/218
f 157/211/219 153/205/219 152/204/219
f 151/201/220 143/193/220 149/199/220
f 153/205/221 148/198/221 151/201/221
f 157/211/222 159/213/222 158/212/222
f 153/205/223 157/211/223 158/212/223
f 157/211/224 146/208/224 156/209/224
f 157/211/225 152/204/225 145/202/225
f 158/212/226 159/213/226 160/214/226
f 150/200/227 160/214/227 161/215/227
f 150/200/228 155/207/228 142/192/228
f 147/197/229 158/212/229 160/214/229
f 161/215/230 160/214/230 162/216/230
f 160/214/231 159/213/231 162/216/231
f 160/214/232 150/200/232 147/197/232
f 156/209/233 154/210/233 162/216/233
f 155/207/234 161/215/234 162/216/234
f 155/207/235 150/200/235 161/215/235
f 154/206/236 155/207/236 162/216/236
f 159/213/237 156/209/237 162/216/237
f 159/213/238 157/211/238 156/209/238
o ryar.001
v -412.373199 -158.115875 238.065674
v -299.832977 -248.088745 -49.299992
v -138.003555 -248.088745 96.765884
v -535.854370 -211.088745 146.869232
v -295.495056 -211.088745 336.577789
v -472.042419 -181.404633 304.901306
v -216.079590 -248.088745 -142.092102
v -93.623222 -248.088745 -115.084053
v -54.250168 -248.088745 3.973766
v -210.174744 -298.088745 -165.051483
v -303.308502 -298.088745 -61.866650
v -32.013901 -298.088745 -4.245007
v -74.192436 -298.088745 -136.611816
v -125.147659 -298.088745 98.939827
v -557.494873 -298.088745 131.695526
v -291.738251 -298.088745 371.565186
v -523.414490 -298.088745 361.716980
v -590.519104 -298.088745 239.230576
v -510.874298 -232.993454 347.823425
v -562.142944 -229.179962 240.983032
v -382.881226 -298.088745 409.971344
v -390.921631 -229.179962 385.688446
vn 0.1993 0.9547 -0.2209
vn -0.1423 0.9274 -0.3461
vn 0.3502 0.9327 0.0861
vn -0.0000 1.0000 -0.0000
vn -0.7250 0.2149 -0.6544
vn 0.1946 0.4282 -0.8825
vn -0.0000 -1.0000 -0.0000
vn 0.8611 0.4281 -0.2744
vn 0.7250 0.2149 0.6544
vn -0.5819 0.2780 -0.7642
vn 0.8287 0.2352 0.5079
vn 0.8285 0.2394 0.5063
vn -0.5995 0.2340 -0.7654
vn -0.8674 0.2579 0.4255
vn 0.1830 0.4479 -0.8751
vn 0.8478 0.4502 -0.2804
vn -0.9395 0.2704 -0.2104
vn -0.3821 0.9239 -0.0192
vn -0.6106 0.7249 0.3189
vn -0.4859 0.8734 0.0322
vn -0.2985 0.2539 0.9200
vn 0.3720 0.3601 0.8555
vn 0.0833 0.9156 0.3934
vn -0.2299 0.7189 0.6560
vn 0.0671 0.8869 0.4571
vn -0.8280 0.3294 0.4536
vn -0.8872 0.3723 -0.2725
vn -0.3115 0.2833 0.9071
vn 0.3642 0.3470 0.8643
vt 0.653034 0.565290
vt 0.632392 0.653171
vt 0.705296 0.640830
vt 0.689626 0.550617
vt 0.613849 0.570086
vt 0.705608 0.678644
vt 0.647098 0.691321
vt 0.679628 0.702670
vt 0.720716 0.690703
vt 0.723453 0.642670
vt 0.954439 0.955277
vt 0.945763 0.896288
vt 0.920275 0.960302
vt 0.967306 0.923252
vt 0.636356 0.705751
vt 0.681746 0.723159
vt 0.911599 0.901313
vt 0.714873 0.537181
vt 0.617050 0.661537
vt 0.584791 0.562336
vt 0.832290 0.898162
vt 0.845230 0.986153
vt 0.675594 0.529214
vt 0.640461 0.502834
vt 0.644978 0.524616
vt 0.648613 0.543105
vt 0.617638 0.542123
vt 0.000000 0.000000
vt 0.715548 0.544886
vt 0.687214 0.509545
vt 0.598662 0.529743
s 0
usemtl caitsith
f 163/217/239 165/218/239 164/219/239
f 163/217/240 164/219/240 166/220/240
f 165/218/241 163/217/241 167/221/241
f 169/222/242 171/223/242 170/224/242
f 165/218/242 171/223/242 169/222/242
f 172/225/243 173/226/243 169/222/243
f 172/225/244 169/222/244 170/224/244
f 172/227/245 174/228/245 173/229/245
f 174/228/245 172/227/245 175/230/245
f 164/219/242 165/218/242 169/222/242
f 174/231/246 175/232/246 171/223/246
f 174/231/247 171/223/247 165/218/247
f 174/228/245 176/233/245 173/229/245
f 166/220/248 173/226/248 177/234/248
f 167/221/249 176/235/249 165/218/249
f 176/235/250 167/221/250 178/236/250
f 176/235/247 174/231/247 165/218/247
f 176/233/245 178/237/245 177/238/245
f 173/226/251 166/220/251 164/219/251
f 173/226/243 164/219/243 169/222/243
f 173/229/245 176/233/245 177/238/245
f 182/239/252 179/240/252 181/241/252
f 175/232/253 172/225/253 170/224/253
f 175/232/254 170/224/254 171/223/254
f 177/234/255 182/239/255 166/220/255
f 166/220/256 168/242/256 163/217/256
f 168/242/257 182/239/257 181/241/257
f 182/239/258 168/242/258 166/220/258
f 179/240/259 184/243/259 181/241/259
f 184/243/260 178/236/260 167/221/260
f 167/221/261 163/217/261 168/242/261
f 168/242/262 181/241/262 184/243/262
f 184/243/263 167/221/263 168/242/263
f 183/244/245 180/244/245 177/245/245
f 182/239/264 180/246/264 179/240/264
f 177/234/265 180/246/265 182/239/265
f 179/240/266 183/247/266 184/243/266
f 184/243/267 183/247/267 178/236/267
f 177/245/245 178/245/245 183/244/245
f 183/244/245 179/244/245 180/244/245
o ryar
v 397.497498 -155.425690 290.681732
v 372.236938 -245.398560 -16.899534
v 175.273056 -245.398560 76.530800
v 530.177368 -218.870438 232.143585
v 257.249329 -216.776062 351.472992
v 435.455902 -178.714447 371.839447
v 318.664490 -245.398560 -129.837540
v 193.610626 -245.398560 -139.139633
v 121.700623 -245.398560 -36.407207
v 319.602875 -295.398560 -153.525513
v 379.175415 -295.398560 -27.938437
v 102.761902 -295.398560 -50.666420
v 181.181824 -295.398560 -165.341248
v 162.334457 -295.398560 74.920647
v 555.264221 -295.398560 223.824844
v 243.601669 -295.398560 383.907104
v 468.344666 -295.398560 441.016357
v 559.820374 -295.398560 339.191101
v 460.323364 -230.303268 424.106384
v 532.136475 -226.489777 332.719482
v 319.873138 -295.398560 446.873260
v 334.549347 -220.206650 425.922913
vn -0.1275 0.9547 -0.2688
vn 0.3055 0.9068 -0.2904
vn -0.3929 0.9193 0.0214
vn -0.0000 1.0000 -0.0000
vn 0.8824 0.2149 -0.4186
vn 0.0670 0.4282 -0.9012
vn -0.7460 0.4281 -0.5101
vn -0.8824 0.2149 0.4186
vn 0.7780 0.3142 -0.5441
vn -0.9380 0.2345 0.2553
vn -0.9330 0.2632 0.2454
vn 0.8103 0.2313 -0.5385
vn 0.7190 0.2564 0.6459
vn 0.0760 0.4479 -0.8908
vn -0.7315 0.4502 -0.5121
vn 0.9504 0.3110 0.0050
vn 0.4477 0.8930 0.0469
vn 0.5353 0.7145 0.4505
vn 0.4611 0.8855 0.0581
vn 0.0344 0.2553 0.9663
vn -0.6307 0.3870 0.6727
vn -0.2342 0.8999 0.3678
vn 0.0682 0.7261 0.6842
vn -0.2311 0.9309 0.2829
vn -0.0000 -1.0000 -0.0000
vn 0.7299 0.3485 0.5881
vn 0.9285 0.3696 -0.0367
vn 0.0380 0.2613 0.9645
vn -0.6029 0.3212 0.7303
vt 0.653034 0.565290
vt 0.705296 0.640830
vt 0.632392 0.653171
vt 0.689626 0.550617
vt 0.613849 0.570086
vt 0.705608 0.678644
vt 0.679628 0.702670
vt 0.647098 0.691321
vt 0.720716 0.690703
vt 0.723453 0.642670
vt 0.636356 0.705751
vt 0.681746 0.723159
vt 0.714873 0.537181
vt 0.617050 0.661537
vt 0.584791 0.562336
vt 0.644978 0.524616
vt 0.640461 0.502834
vt 0.687214 0.509545
vt 0.675594 0.529214
vt 0.648613 0.543105
vt 0.617638 0.542123
vt 0.950182 0.959762
vt 0.918437 0.962606
vt 0.945271 0.904951
vt 0.963713 0.930925
vt 0.913527 0.907795
vt 0.847933 0.982505
vt 0.840608 0.900745
vt 0.810480 0.944556
vt 0.821008 0.912153
vt 0.598662 0.529743
vt 0.825121 0.972317
s 0
usemtl caitsith
f 185/248/268 186/249/268 187/250/268
f 185/248/269 188/251/269 186/249/269
f 187/250/270 189/252/270 185/248/270
f 191/253/271 192/254/271 193/255/271
f 187/250/271 191/253/271 193/255/271
f 194/256/272 191/253/272 195/257/272
f 194/256/273 192/254/273 191/253/273
f 186/249/271 191/253/271 187/250/271
f 196/258/274 193/255/274 197/259/274
f 196/258/275 187/250/275 193/255/275
f 188/251/276 199/260/276 195/257/276
f 189/252/277 187/250/277 198/261/277
f 198/261/278 200/262/278 189/252/278
f 198/261/275 187/250/275 196/258/275
f 195/257/279 186/249/279 188/251/279
f 195/257/272 191/253/272 186/249/272
f 203/263/280 201/264/280 202/265/280
f 197/259/281 192/254/281 194/256/281
f 197/259/282 193/255/282 192/254/282
f 204/266/283 199/260/283 188/251/283
f 188/251/284 185/248/284 190/267/284
f 190/267/285 203/263/285 204/266/285
f 204/266/286 188/251/286 190/267/286
f 206/268/287 201/264/287 203/263/287
f 200/262/288 206/268/288 189/252/288
f 189/252/289 190/267/289 185/248/289
f 190/267/290 206/268/290 203/263/290
f 206/268/291 190/267/291 189/252/291
f 194/269/292 195/270/292 196/271/292
f 196/271/292 197/272/292 194/269/292
f 196/271/292 195/270/292 198/273/292
f 198/273/292 199/274/292 200/275/292
f 195/270/292 199/274/292 198/273/292
f 199/274/292 201/276/292 205/277/292
f 202/265/293 204/266/293 203/263/293
f 204/266/294 202/265/294 199/260/294
f 206/268/295 205/278/295 201/264/295
f 200/262/296 205/278/296 206/268/296
f 205/277/292 200/275/292 199/274/292
f 199/274/292 202/279/292 201/276/292
o ryas
v 243.000000 566.491455 -286.859619
v 487.000000 298.491364 -352.859650
v 387.000000 460.491364 -325.859650
v 391.000000 355.491364 -326.859650
v 229.000000 565.491455 -282.859619
v 359.000000 274.491364 -317.859650
v 250.000000 296.491364 -287.859650
v 287.000000 347.491364 -297.859650
v 183.000000 432.491364 -269.859650
v 196.000000 348.491364 -272.859650
v 216.000000 599.491455 -278.859619
v 192.000000 392.000000 -57.999966
v 192.000000 390.000031 -176.999969
v 104.000000 181.999969 362.000031
v 250.000000 386.000000 -145.999969
v 291.000000 259.000000 18.000023
v 270.000000 289.000000 -135.999969
v 323.000000 131.999985 231.000015
v 245.000000 291.999969 189.000031
v 201.000000 229.999969 263.000031
v 158.000000 9.999966 392.000000
v 264.000000 11.999972 315.000000
v 215.000000 337.999969 202.000031
v 241.000000 354.000000 103.000031
v 192.000000 393.000000 60.000034
v 105.000000 381.000000 157.000031
v 44.000000 384.999969 193.000031
v 360.000000 117.000000 -23.999990
v 203.000000 276.999969 278.000031
v 36.000000 313.999969 261.000031
v 135.000000 267.000031 -222.999969
v 280.000000 145.000015 -120.999985
v 280.000000 101.000008 -129.999985
v 193.000000 -153.000015 111.999985
v 179.000000 25.000021 -234.000000
v 129.000000 -153.999985 -243.000015
v 61.807350 -142.999969 -307.000000
v 102.000000 -142.000031 291.000000
v 41.000000 -219.000015 134.999985
v 205.000000 -95.000031 316.000000
v 337.000000 25.999983 189.000000
v 52.367607 363.030304 -235.616501
v 53.137611 290.253387 -242.107346
v -243.000000 566.491455 -286.859619
v -487.000000 298.491364 -352.859650
v -387.000000 460.491364 -325.859650
v -391.000000 355.491364 -326.859650
v -229.000000 565.491455 -282.859619
v -359.000000 274.491364 -317.859650
v -250.000000 296.491364 -287.859650
v -287.000000 347.491364 -297.859650
v -183.000000 432.491364 -269.859650
v -196.000000 348.491364 -272.859650
v -216.000000 599.491455 -278.859619
v -192.000000 392.000000 -57.999966
v -192.000000 390.000031 -176.999969
v 0.000000 390.000031 -248.999969
v 0.000000 7.999963 420.000000
v -104.000000 181.999969 362.000031
v -250.000000 386.000000 -145.999969
v -291.000000 259.000000 18.000023
v -270.000000 289.000000 -135.999969
v -323.000000 131.999985 231.000015
v -245.000000 291.999969 189.000031
v -201.000000 229.999969 263.000031
v -158.000000 9.999966 392.000000
v -264.000000 11.999972 315.000000
v -215.000000 337.999969 202.000031
v -241.000000 354.000000 103.000031
v -192.000000 393.000000 60.000034
v -105.000000 381.000000 157.000031
v -44.000000 384.999969 193.000031
v -360.000000 117.000000 -23.999990
v -203.000000 276.999969 278.000031
v -36.000000 313.999969 261.000031
v -135.000000 267.000031 -222.999969
v 0.000000 267.000031 -256.999969
v -280.000000 145.000015 -120.999985
v 0.000000 -240.000000 -7.000021
v 0.000000 -214.999985 -258.000031
v 0.000000 -115.999954 -552.000000
v 0.000000 -73.130295 -325.169983
v -280.000000 101.000008 -129.999985
v -193.000000 -153.000015 111.999985
v -179.000000 25.000021 -234.000000
v -129.000000 -153.999985 -243.000015
v 0.000000 147.000015 -215.999985
v 0.000000 232.000015 -242.999985
v 0.000000 13.699724 -261.000000
v -61.807350 -142.999969 -307.000000
v -102.000000 -142.000031 291.000000
v -41.000000 -219.000015 134.999985
v -205.000000 -95.000031 316.000000
v -337.000000 25.999983 189.000000
v -52.367607 363.030304 -235.616501
v -53.137611 290.253387 -242.107346
v 0.000000 -219.000015 134.999985
v 0.000000 181.999969 362.000031
v 0.000000 -142.000031 291.000000
v 0.000000 313.999969 261.000031
v 0.000000 384.999969 193.000031
v 0.000000 392.000000 -57.999966
v 0.000000 381.000000 157.000031
v 0.000000 393.000000 60.000034
v 1.282873 355.369659 226.050522
v 1.457440 366.690918 208.039764
v 1.320640 385.616394 185.625412
v -0.571766 377.230408 230.614014
v 0.034251 381.125122 214.618027
v -2.448411 415.186066 214.422318
v 0.503507 392.713257 190.966949
v -1.027320 402.058350 206.164902
v 0.240938 397.368561 189.562561
v -0.792121 416.496613 182.969788
vn 0.9874 0.0754 0.1388
vn 0.2620 0.0009 0.9651
vn 0.2618 0.0007 0.9651
vn 0.2581 0.0022 0.9661
vn 0.2740 0.0067 0.9617
vn 0.2646 0.0027 0.9643
vn 0.2743 0.0069 0.9616
vn 0.2752 -0.0079 0.9613
vn 0.0063 0.9998 -0.0168
vn 0.3289 0.8551 0.4008
vn 0.5966 0.3160 0.7377
vn 0.8016 -0.5762 -0.1596
vn 0.0777 0.9968 -0.0168
vn 0.1487 -0.5847 0.7975
vn 0.5477 0.4518 0.7042
vn 0.5625 0.2704 0.7813
vn 0.2380 0.9235 0.3007
vn 0.8364 0.4623 0.2944
vn 0.8737 0.4641 0.1455
vn 0.6263 0.7796 -0.0066
vn 0.3888 -0.9189 -0.0675
vn -0.1610 -0.2938 0.9422
vn 0.9284 0.3205 0.1879
vn 0.8000 0.5999 0.0078
vn 0.3359 0.6754 0.6565
vn -0.0000 0.9999 -0.0105
vn 0.1476 0.6754 0.7225
vn -0.0000 0.9924 0.1228
vn 0.5325 0.0688 -0.8436
vn 0.5467 -0.0491 -0.8359
vn 0.7987 -0.4365 0.4142
vn 0.2437 0.0629 -0.9678
vn 0.6512 0.1521 -0.7435
vn 0.3058 -0.2882 -0.9074
vn 0.1218 0.3175 -0.9404
vn 0.7828 0.1247 -0.6096
vn 0.2768 0.5249 -0.8049
vn 0.0597 -0.5676 0.8211
vn 0.3992 0.1167 -0.9094
vn 0.0835 0.5923 -0.8014
vn 0.8023 0.3973 0.4456
vn 0.2422 -0.0836 0.9666
vn 0.6481 -0.7217 -0.2430
vn 0.4342 -0.8964 -0.0893
vn 0.1675 0.2202 0.9610
vn 0.4078 -0.7265 -0.5531
vn 0.3553 -0.9044 0.2362
vn 0.4175 -0.8690 0.2657
vn 0.7689 -0.1840 -0.6123
vn 0.5226 -0.8522 -0.0249
vn 0.2417 -0.4371 -0.8663
vn 0.2277 -0.3616 -0.9041
vn 0.8208 0.2234 0.5257
vn 0.6689 -0.1502 -0.7280
vn 0.7589 0.6399 -0.1209
vn 0.5637 -0.3037 0.7681
vn 0.7401 -0.6570 0.1433
vn 0.7696 -0.0131 -0.6385
vn 0.8663 -0.0809 0.4929
vn 0.2750 0.0082 0.9614
vn 0.2645 0.0027 0.9644
vn -0.0000 1.0000 -0.0085
vn -0.0000 0.9939 -0.1104
vn -0.0000 0.3162 0.9487
vn -0.0000 0.6917 0.7222
vn -0.0000 -0.9892 0.1463
vn -0.0000 0.6077 0.7942
vn -0.0000 -0.8967 0.4426
vn -0.0000 -0.6520 0.7582
vn 0.8787 -0.4507 -0.1571
vn 0.8947 0.4452 -0.0353
vn 0.9064 0.4086 0.1075
vn -0.9874 0.0754 0.1388
vn -0.2620 0.0009 0.9651
vn -0.2618 0.0007 0.9651
vn -0.2581 0.0022 0.9661
vn -0.2740 0.0067 0.9617
vn -0.2646 0.0027 0.9643
vn -0.2743 0.0069 0.9616
vn -0.2752 -0.0079 0.9613
vn -0.0063 0.9998 -0.0168
vn -0.3289 0.8551 0.4008
vn -0.4986 0.3639 0.7867
vn -0.8016 -0.5762 -0.1596
vn -0.0777 0.9968 -0.0168
vn -0.1487 -0.5847 0.7975
vn -0.5477 0.4518 0.7042
vn -0.5625 0.2704 0.7813
vn -0.2380 0.9235 0.3007
vn -0.8364 0.4623 0.2944
vn -0.8737 0.4641 0.1455
vn -0.6263 0.7796 -0.0066
vn -0.3888 -0.9189 -0.0675
vn 0.1610 -0.2938 0.9422
vn -0.9284 0.3205 0.1879
vn -0.8000 0.5999 0.0078
vn -0.3359 0.6754 0.6565
vn -0.1476 0.6754 0.7225
vn -0.4717 0.0064 -0.8817
vn -0.5467 -0.0491 -0.8359
vn -0.7987 -0.4365 0.4142
vn -0.3451 0.1842 -0.9203
vn -0.6512 0.1521 -0.7435
vn -0.3058 -0.2882 -0.9074
vn -0.1218 0.3175 -0.9404
vn -0.7828 0.1247 -0.6096
vn -0.2768 0.5249 -0.8049
vn -0.0597 -0.5676 0.8211
vn -0.3992 0.1167 -0.9094
vn -0.0835 0.5923 -0.8014
vn -0.9024 -0.1654 0.3980
vn -0.2514 0.0043 0.9679
vn -0.6481 -0.7217 -0.2430
vn -0.4342 -0.8964 -0.0893
vn -0.1675 0.2202 0.9610
vn -0.4078 -0.7265 -0.5531
vn -0.3553 -0.9044 0.2362
vn -0.4175 -0.8690 0.2657
vn -0.7689 -0.1840 -0.6123
vn -0.5226 -0.8522 -0.0249
vn -0.2417 -0.4371 -0.8663
vn -0.2277 -0.3616 -0.9041
vn -0.8208 0.2234 0.5257
vn -0.6689 -0.1502 -0.7280
vn -0.7589 0.6399 -0.1209
vn -0.5637 -0.3037 0.7681
vn -0.7401 -0.6570 0.1433
vn -0.7696 -0.0131 -0.6385
vn -0.8663 -0.0809 0.4929
vn -0.2750 0.0082 0.9614
vn -0.2645 0.0027 0.9644
vn -0.8787 -0.4507 -0.1571
vn -0.8947 0.4452 -0.0353
vn -0.9064 0.4086 0.1075
vn 0.9958 0.0729 0.0555
vn 0.2743 0.9354 0.2232
vn 0.4986 0.3639 0.7867
vn 0.8285 0.5463 -0.1232
vn 0.1056 0.7673 0.6325
vn 0.4717 0.0064 -0.8817
vn 0.3451 0.1842 -0.9203
vn 0.9024 -0.1654 0.3980
vn 0.2514 0.0043 0.9679
vn 0.6683 -0.6202 -0.4107
vn -0.2743 0.9354 0.2232
vn -0.5966 0.3160 0.7377
vn -0.8285 0.5463 -0.1232
vn -0.1056 0.7673 0.6325
vn -0.5325 0.0688 -0.8436
vn -0.2437 0.0629 -0.9678
vn -0.8023 0.3973 0.4456
vn -0.2422 -0.0836 0.9666
vn -0.6683 -0.6202 -0.4107
vt 0.817189 0.107345
vt 0.828989 0.087728
vt 0.854771 0.148159
vt 0.838960 0.641024
vt 0.994735 0.452728
vt 0.933149 0.564429
vt 0.931354 0.494745
vt 0.829279 0.640989
vt 0.831969 0.461991
vt 0.859538 0.494099
vt 0.905860 0.442558
vt 0.791906 0.555008
vt 0.821741 0.664081
vt 0.779014 0.192749
vt 0.777902 0.222384
vt 0.719015 0.253275
vt 0.766263 0.158351
vt 0.798149 0.158623
vt 0.780696 0.171250
vt 0.763738 0.073053
vt 0.783334 0.113368
vt 0.757757 0.096536
vt 0.844856 0.052805
vt 0.790649 0.206275
vt 0.730866 0.070495
vt 0.750543 0.036703
vt 0.797190 0.134639
vt 0.795128 0.080242
vt 0.755159 0.149902
vt 0.785018 0.142209
vt 0.818877 0.160407
vt 0.851760 0.032427
vt 0.916042 0.161592
vt 0.751234 0.125514
vt 0.779276 0.124768
vt 0.819885 0.198140
vt 0.745110 0.199278
vt 0.747647 0.178074
vt 0.794277 0.238668
vt 0.856990 0.183290
vt 0.786822 0.057627
vt 0.777020 0.270215
vt 0.875871 0.161542
vt 0.887123 0.191127
vt 0.820991 0.252631
vt 0.792799 0.261759
vt 0.883420 0.227219
vt 0.921931 0.213187
vt 0.935242 0.192259
vt 0.797109 0.498827
vt 0.699514 0.514855
vt 0.697918 0.466409
vt 0.940380 0.155115
vt 0.991671 0.270215
vt 0.896327 0.065558
vt 0.747393 0.161553
vt 0.739742 0.099982
vt 0.746519 0.151007
vt 0.861106 0.017481
vt 0.744072 0.127528
vt 0.724109 0.022624
vt 0.734384 0.716115
vt 0.763310 0.729411
vt 0.738181 0.742943
vt 0.753917 0.710648
vt 0.787042 0.682456
vt 0.734384 0.678752
vt 0.745726 0.678114
vt 0.767399 0.685216
vt 0.749117 0.672920
vt 0.762370 0.650782
s 0
usemtl caitsith
f 224/280/297 247/281/297 234/282/297
f 207/283/298 208/284/298 209/285/298
f 207/283/299 210/286/299 208/284/299
f 211/287/300 213/288/300 214/289/300
f 211/287/301 214/289/301 212/290/301
f 211/287/302 215/291/302 213/288/302
f 211/287/303 212/290/303 207/283/303
f 211/287/304 207/283/304 217/292/304
f 218/293/305 219/294/305 263/295/305
f 232/296/306 230/297/306 231/298/306
f 227/299/307 226/300/307 220/301/307
f 234/282/308 247/281/308 240/302/308
f 218/293/309 221/303/309 219/294/309
f 227/299/310 264/304/310 244/305/310
f 224/280/311 225/306/311 226/300/311
f 224/280/312 227/299/312 228/307/312
f 232/296/313 233/308/313 229/309/313
f 230/297/314 229/309/314 225/306/314
f 224/280/315 222/310/315 225/306/315
f 218/293/316 231/298/316 230/297/316
f 240/302/317 245/311/317 242/312/317
f 236/313/318 226/300/318 235/314/318
f 225/306/319 222/310/319 230/297/319
f 218/293/320 222/310/320 223/315/320
f 236/313/321 220/301/321 226/300/321
f 218/293/322 263/295/322 308/316/322
f 236/313/323 229/309/323 233/308/323
f 310/317/324 232/296/324 231/298/324
f 219/294/325 223/315/325 237/318/325
f 237/318/326 223/315/326 238/319/326
f 247/281/327 228/307/327 246/320/327
f 263/295/328 237/318/328 283/321/328
f 239/322/329 241/323/329 238/319/329
f 238/319/330 293/324/330 294/325/330
f 293/324/331 241/323/331 295/326/331
f 238/319/332 234/282/332 239/322/332
f 293/324/333 238/319/333 241/323/333
f 244/305/334 246/320/334 227/299/334
f 288/327/335 241/323/335 243/328/335
f 288/327/336 295/326/336 241/323/336
f 235/314/337 225/306/337 229/309/337
f 216/329/338 248/330/338 249/331/338
f 286/332/339 287/333/339 243/328/339
f 286/332/340 242/312/340 285/334/340
f 227/299/341 220/301/341 264/304/341
f 242/312/342 286/332/342 243/328/342
f 240/302/343 246/320/343 244/305/343
f 245/311/344 240/302/344 244/305/344
f 242/312/345 241/323/345 239/322/345
f 242/312/346 245/311/346 285/334/346
f 294/325/347 237/318/347 238/319/347
f 294/325/348 283/321/348 237/318/348
f 223/315/349 221/303/349 218/293/349
f 243/328/350 241/323/350 242/312/350
f 287/333/351 288/327/351 243/328/351
f 246/320/352 228/307/352 227/299/352
f 246/320/353 240/302/353 247/281/353
f 234/282/354 238/319/354 223/315/354
f 228/307/355 247/281/355 224/280/355
f 213/288/356 215/291/356 216/329/356
f 212/290/357 210/286/357 207/283/357
f 218/293/358 310/317/358 231/298/358
f 309/335/359 233/308/359 232/296/359
f 304/336/360 264/304/360 220/301/360
f 307/337/361 236/313/361 233/308/361
f 303/338/362 285/334/362 245/311/362
f 304/336/363 236/313/363 306/339/363
f 305/340/364 245/311/364 244/305/364
f 305/340/365 244/305/365 264/304/365
f 239/322/366 240/302/366 242/312/366
f 223/315/367 222/310/367 234/282/367
f 234/282/368 222/310/368 224/280/368
f 269/280/369 279/282/369 300/281/369
f 250/283/370 252/285/370 251/284/370
f 250/283/371 251/284/371 253/286/371
f 254/287/372 257/289/372 256/288/372
f 254/287/373 255/290/373 257/289/373
f 254/287/374 256/288/374 258/291/374
f 254/287/375 250/283/375 255/290/375
f 254/287/376 260/292/376 250/283/376
f 261/293/377 263/295/377 262/294/377
f 275/297/378 277/296/378 276/298/378
f 272/299/379 271/300/379 269/280/379
f 279/282/380 290/302/380 300/281/380
f 261/293/381 262/294/381 266/303/381
f 272/299/382 297/305/382 264/304/382
f 269/280/383 271/300/383 270/306/383
f 269/280/384 273/307/384 272/299/384
f 277/296/385 274/309/385 278/308/385
f 275/297/386 270/306/386 274/309/386
f 269/280/387 270/306/387 267/310/387
f 261/293/388 275/297/388 276/298/388
f 290/302/389 292/312/389 298/311/389
f 281/313/390 280/314/390 271/300/390
f 270/306/391 275/297/391 267/310/391
f 267/310/392 261/293/392 268/315/392
f 281/313/393 271/300/393 265/301/393
f 261/293/322 308/316/322 263/295/322
f 274/309/394 281/313/394 278/308/394
f 310/317/324 277/296/324 309/335/324
f 262/294/395 268/315/395 266/303/395
f 282/318/396 284/319/396 268/315/396
f 300/281/397 299/320/397 273/307/397
f 263/295/398 282/318/398 262/294/398
f 289/322/399 284/319/399 291/323/399
f 284/319/400 294/325/400 293/324/400
f 293/324/401 295/326/401 291/323/401
f 284/319/402 289/322/402 279/282/402
f 293/324/403 291/323/403 284/319/403
f 297/305/404 272/299/404 299/320/404
f 288/327/405 296/328/405 291/323/405
f 288/327/406 291/323/406 295/326/406
f 280/314/407 270/306/407 271/300/407
f 259/329/408 301/330/408 258/291/408
f 286/332/409 296/328/409 287/333/409
f 286/332/410 285/334/410 292/312/410
f 272/299/411 264/304/411 265/301/411
f 292/312/412 296/328/412 286/332/412
f 290/302/413 297/305/413 299/320/413
f 298/311/414 297/305/414 290/302/414
f 292/312/415 289/322/415 291/323/415
f 292/312/416 285/334/416 298/311/416
f 294/325/417 284/319/417 282/318/417
f 294/325/418 282/318/418 283/321/418
f 268/315/419 261/293/419 266/303/419
f 296/328/420 292/312/420 291/323/420
f 287/333/421 296/328/421 288/327/421
f 299/320/422 272/299/422 273/307/422
f 299/320/423 300/281/423 290/302/423
f 279/282/424 268/315/424 284/319/424
f 273/307/425 269/280/425 300/281/425
f 256/288/426 259/329/426 258/291/426
f 255/290/427 250/283/427 253/286/427
f 310/317/358 261/293/358 276/298/358
f 278/308/359 309/335/359 277/296/359
f 304/336/360 265/301/360 264/304/360
f 307/337/361 281/313/361 306/339/361
f 303/338/362 298/311/362 285/334/362
f 281/313/363 304/336/363 306/339/363
f 305/340/364 298/311/364 303/338/364
f 305/340/365 264/304/365 297/305/365
f 290/302/428 289/322/428 292/312/428
f 268/315/429 279/282/429 267/310/429
f 279/282/430 269/280/430 267/310/430
f 312/341/431 314/342/431 311/343/431
f 314/342/431 315/344/431 316/345/431
f 313/346/431 315/344/431 312/341/431
f 317/347/431 318/348/431 315/344/431
f 318/348/431 319/349/431 320/350/431
f 232/296/432 229/309/432 230/297/432
f 227/299/433 224/280/433 226/300/433
f 218/293/434 230/297/434 222/310/434
f 236/313/435 235/314/435 229/309/435
f 310/317/324 309/335/324 232/296/324
f 219/294/436 221/303/436 223/315/436
f 263/295/437 219/294/437 237/318/437
f 235/314/438 226/300/438 225/306/438
f 216/329/439 215/291/439 248/330/439
f 218/293/358 308/316/358 310/317/358
f 309/335/359 307/337/359 233/308/359
f 307/337/361 306/339/361 236/313/361
f 304/336/363 220/301/363 236/313/363
f 305/340/364 303/338/364 245/311/364
f 239/322/440 234/282/440 240/302/440
f 275/297/441 274/309/441 277/296/441
f 272/299/442 265/301/442 271/300/442
f 267/310/443 275/297/443 261/293/443
f 274/309/444 280/314/444 281/313/444
f 310/317/324 276/298/324 277/296/324
f 262/294/445 282/318/445 268/315/445
f 263/295/446 283/321/446 282/318/446
f 280/314/447 274/309/447 270/306/447
f 259/329/448 302/331/448 301/330/448
f 310/317/358 308/316/358 261/293/358
f 278/308/359 307/337/359 309/335/359
f 307/337/361 278/308/361 281/313/361
f 281/313/363 265/301/363 304/336/363
f 305/340/364 297/305/364 298/311/364
f 290/302/449 279/282/449 289/322/449
f 312/341/431 315/344/431 314/342/431
f 313/346/431 317/347/431 315/344/431
f 317/347/431 319/349/431 318/348/431
o rybz
v 64.338058 514.848267 43.842285
v 65.392441 496.915405 71.474258
v 83.317528 493.273499 67.662224
v 66.446808 475.636108 88.887245
v 85.426315 473.291626 87.043861
v 81.208740 512.128052 38.858040
v 110.732208 411.315857 83.839294
v 142.364761 433.427032 82.255844
v 80.154175 448.119934 98.550911
v 98.079361 465.099915 -194.451340
v 196.140015 415.933563 51.428719
v 186.650391 461.240662 -58.061672
v 226.718124 403.658264 -51.172497
v 131.820648 458.348236 68.654884
v 142.364883 485.918671 23.940809
v 79.099960 534.688171 -47.734089
v 131.820755 507.618652 1.167807
v 79.099960 526.796936 -113.692009
v 296.309967 537.632385 -85.254143
v 145.528152 481.688141 -91.304192
v 132.875198 510.707397 -88.404442
v 196.140015 391.257812 -154.820663
v -64.300858 514.848511 43.842255
v -65.355316 496.915680 71.474228
v -83.280418 493.273834 67.662193
v -66.409775 475.636353 88.887215
v -85.389297 473.291992 87.043831
v -81.171539 512.128357 38.858009
v 0.018393 416.791931 111.856438
v 0.018474 457.497742 105.924446
v -110.695435 411.316284 83.839249
v -142.327927 433.427582 82.255783
v -80.117264 448.120239 98.550880
v 0.018276 342.309265 -49.142357
v 0.018389 378.857697 -258.468872
v 0.018653 524.291992 -134.631058
v -98.042267 465.100311 -194.451370
v -196.103241 415.934326 51.428642
v 0.018685 545.963684 -77.755394
v 0.018659 540.450195 0.425648
v 0.018560 498.543884 85.084610
v 0.018621 525.693665 45.730545
v -186.613373 461.241394 -58.061745
v -226.681351 403.659149 -51.172585
v -131.783691 458.348755 68.654839
v -142.327805 485.919250 23.940748
v -79.062653 534.688477 -47.734119
v -131.783585 507.619202 1.167753
v -79.062653 526.797241 -113.692039
v -296.272614 537.633545 -85.254257
v -145.491043 481.688721 -91.304245
v -132.837967 510.707916 -88.404495
v -196.103241 391.258606 -154.820740
v 0.018548 465.100098 -194.451355
vn 0.2746 0.8113 0.5161
vn 0.1541 0.6963 0.7011
vn 0.2819 0.8121 0.5109
vn 0.2816 0.6160 0.7357
vn 0.1992 -0.2165 0.9557
vn 0.2322 -0.1886 0.9542
vn 0.1073 0.1434 0.9838
vn -0.0000 0.5960 -0.8030
vn 0.1766 -0.9261 0.3335
vn 0.0612 -0.9059 0.4191
vn 0.3408 -0.4276 0.8372
vn 0.7994 0.5765 0.1693
vn 0.5406 0.5676 0.6209
vn 0.4448 0.7117 0.5437
vn 0.1365 0.3881 0.9115
vn 0.5134 0.6248 0.5883
vn 0.2150 0.9467 0.2398
vn 0.1735 0.6288 0.7579
vn 0.1536 0.8134 0.5611
vn 0.1045 0.4502 0.8868
vn 0.5497 0.8241 -0.1364
vn 0.2234 0.9446 0.2406
vn 0.1670 0.9375 0.3054
vn 0.1324 0.8337 0.5360
vn 0.2602 0.9359 0.2375
vn 0.3310 0.5561 0.7623
vn 0.1292 0.3852 0.9137
vn 0.1148 0.9909 0.0699
vn 0.1835 0.9761 -0.1168
vn -0.0340 0.9923 -0.1187
vn 0.1382 -0.2695 -0.9530
vn 0.5448 0.8214 -0.1686
vn 0.7604 0.6083 0.2276
vn 0.7362 0.6455 0.2033
vn 0.4332 0.2981 0.8506
vn 0.4421 0.7650 0.4684
vn 0.4412 0.7428 0.5036
vn 0.0645 0.9325 -0.3553
vn 0.1289 0.8024 -0.5827
vn 0.1167 -0.7803 0.6144
vn 0.6475 0.2091 0.7328
vn 0.6036 0.6956 -0.3896
vn 0.6470 0.6480 -0.4019
vn 0.6489 0.6453 -0.4031
vn 0.1514 -0.9737 -0.1700
vn 0.4564 0.1340 -0.8796
vn 0.2613 -0.9645 0.0383
vn 0.7998 0.5209 -0.2983
vn 0.2580 -0.9472 0.1902
vn 0.5619 0.6384 0.5261
vn -0.0026 -0.1006 0.9949
vn -0.0000 0.7108 -0.7034
vn -0.2746 0.8113 0.5161
vn -0.1541 0.6963 0.7011
vn -0.2819 0.8121 0.5109
vn -0.2816 0.6160 0.7357
vn -0.1992 -0.2165 0.9557
vn -0.2322 -0.1886 0.9542
vn -0.1073 0.1434 0.9838
vn -0.1766 -0.9261 0.3335
vn -0.0613 -0.9059 0.4191
vn -0.3408 -0.4276 0.8372
vn -0.7994 0.5765 0.1693
vn -0.5406 0.5676 0.6209
vn -0.4448 0.7117 0.5437
vn -0.1365 0.3881 0.9115
vn -0.5134 0.6248 0.5883
vn -0.2150 0.9467 0.2398
vn -0.1735 0.6288 0.7579
vn -0.1536 0.8134 0.5611
vn -0.1045 0.4502 0.8868
vn -0.5497 0.8241 -0.1364
vn -0.2234 0.9446 0.2406
vn -0.1670 0.9375 0.3054
vn -0.1324 0.8337 0.5360
vn -0.2602 0.9359 0.2375
vn -0.3310 0.5561 0.7623
vn -0.1292 0.3852 0.9137
vn -0.1148 0.9909 0.0699
vn -0.1835 0.9761 -0.1168
vn 0.0340 0.9923 -0.1187
vn -0.1382 -0.2695 -0.9530
vn -0.5448 0.8214 -0.1686
vn -0.7604 0.6083 0.2276
vn -0.7362 0.6455 0.2033
vn -0.4332 0.2981 0.8506
vn -0.4421 0.7650 0.4684
vn -0.4412 0.7428 0.5036
vn -0.0645 0.9325 -0.3553
vn -0.1289 0.8024 -0.5827
vn -0.1167 -0.7803 0.6144
vn -0.6475 0.2091 0.7328
vn -0.6036 0.6956 -0.3896
vn -0.6470 0.6480 -0.4019
vn -0.6489 0.6453 -0.4031
vn -0.1514 -0.9737 -0.1700
vn -0.4564 0.1340 -0.8796
vn -0.2614 -0.9645 0.0383
vn -0.7998 0.5209 -0.2983
vn -0.2580 -0.9472 0.1902
vn -0.5619 0.6384 0.5261
vn 0.0026 -0.1006 0.9949
vt 0.687029 0.190107
vt 0.681704 0.205151
vt 0.673526 0.201809
vt 0.675835 0.217086
vt 0.667424 0.213309
vt 0.679170 0.186639
vt 0.637431 0.231122
vt 0.634637 0.212135
vt 0.662831 0.226116
vt 0.688367 0.262480
vt 0.700129 0.243827
vt 0.676237 0.006449
vt 0.703675 0.055184
vt 0.661425 0.074961
vt 0.980857 0.061722
vt 0.950775 0.047445
vt 0.992234 0.049979
vt 0.965694 0.075424
vt 0.606764 0.196536
vt 0.625694 0.139867
vt 0.590691 0.141986
vt 0.645362 0.202736
vt 0.648584 0.178106
vt 0.686154 0.145313
vt 0.724779 0.171966
vt 0.711383 0.221522
vt 0.719378 0.197114
vt 0.658489 0.166634
vt 0.726126 0.129013
vt 0.684093 0.115019
vt 0.918408 0.275408
vt 0.853718 0.307737
vt 0.815712 0.298513
vt 0.890464 0.366918
vt 0.647645 0.124577
vt 0.720135 0.096168
vt 0.884026 0.315281
vt 0.600289 0.085936
vt 0.976823 0.016080
vt 0.937329 0.011922
vt 0.989371 0.030931
s 0
usemtl caitsith
f 321/351/450 322/352/450 323/353/450
f 324/354/451 325/355/451 323/353/451
f 323/353/452 326/356/452 321/351/452
f 323/353/453 322/352/453 324/354/453
f 327/357/454 328/358/454 329/359/454
f 329/359/455 349/360/455 327/357/455
f 329/359/456 350/361/456 349/360/456
f 355/362/457 374/363/457 330/364/457
f 327/365/458 354/366/458 331/367/458
f 349/368/459 354/366/459 327/365/459
f 327/357/460 331/369/460 328/358/460
f 332/370/461 331/369/461 333/371/461
f 328/358/462 331/369/462 334/372/462
f 334/372/463 335/373/463 325/355/463
f 329/359/464 325/355/464 324/354/464
f 335/373/465 323/353/465 325/355/465
f 336/374/466 360/375/466 321/351/466
f 324/354/467 322/352/467 361/376/467
f 321/351/468 362/377/468 361/376/468
f 324/354/469 361/376/469 350/361/469
f 332/370/470 336/374/470 337/378/470
f 336/374/471 321/351/471 326/356/471
f 360/375/472 362/377/472 321/351/472
f 321/351/473 361/376/473 322/352/473
f 326/356/474 337/378/474 336/374/474
f 329/359/475 328/358/475 334/372/475
f 350/361/476 329/359/476 324/354/476
f 336/374/477 359/379/477 360/375/477
f 338/380/478 359/379/478 336/374/478
f 336/381/479 339/382/479 338/383/479
f 338/383/480 339/382/480 340/384/480
f 336/374/481 332/370/481 340/385/481
f 332/370/482 337/378/482 335/373/482
f 332/370/483 335/373/483 331/369/483
f 334/372/484 325/355/484 329/359/484
f 323/353/485 335/373/485 326/356/485
f 326/356/486 335/373/486 337/378/486
f 356/386/487 359/379/487 338/380/487
f 356/386/488 338/380/488 330/364/488
f 336/381/489 341/387/489 339/382/489
f 340/384/490 341/387/490 336/381/490
f 330/364/491 338/380/491 340/385/491
f 330/364/492 340/385/492 332/370/492
f 330/364/493 332/370/493 342/388/493
f 342/389/494 354/366/494 355/390/494
f 342/388/495 355/362/495 330/364/495
f 333/391/496 354/366/496 342/389/496
f 333/371/497 342/388/497 332/370/497
f 331/367/498 354/366/498 333/391/498
f 331/369/499 335/373/499 334/372/499
f 339/382/500 341/387/500 340/384/500
f 374/363/501 356/386/501 330/364/501
f 343/351/502 345/353/502 344/352/502
f 346/354/503 345/353/503 347/355/503
f 345/353/504 343/351/504 348/356/504
f 345/353/505 346/354/505 344/352/505
f 351/357/506 353/359/506 352/358/506
f 353/359/507 351/357/507 349/360/507
f 353/359/508 349/360/508 350/361/508
f 355/362/457 357/364/457 374/363/457
f 351/365/509 358/367/509 354/366/509
f 349/368/510 351/365/510 354/366/510
f 351/357/511 352/358/511 358/369/511
f 363/370/512 364/371/512 358/369/512
f 352/358/513 365/372/513 358/369/513
f 365/372/514 347/355/514 366/373/514
f 353/359/515 346/354/515 347/355/515
f 366/373/516 347/355/516 345/353/516
f 367/374/517 343/351/517 360/375/517
f 346/354/518 361/376/518 344/352/518
f 343/351/519 361/376/519 362/377/519
f 346/354/520 350/361/520 361/376/520
f 363/370/521 368/378/521 367/374/521
f 367/374/522 348/356/522 343/351/522
f 360/375/523 343/351/523 362/377/523
f 343/351/524 344/352/524 361/376/524
f 348/356/525 367/374/525 368/378/525
f 353/359/526 365/372/526 352/358/526
f 350/361/527 346/354/527 353/359/527
f 367/374/528 360/375/528 359/379/528
f 369/380/529 367/374/529 359/379/529
f 367/381/530 369/383/530 370/382/530
f 369/383/531 371/384/531 370/382/531
f 367/374/532 371/385/532 363/370/532
f 363/370/533 366/373/533 368/378/533
f 363/370/534 358/369/534 366/373/534
f 365/372/535 353/359/535 347/355/535
f 345/353/536 348/356/536 366/373/536
f 348/356/537 368/378/537 366/373/537
f 356/386/538 369/380/538 359/379/538
f 356/386/539 357/364/539 369/380/539
f 367/381/540 370/382/540 372/387/540
f 371/384/541 367/381/541 372/387/541
f 357/364/542 371/385/542 369/380/542
f 357/364/543 363/370/543 371/385/543
f 357/364/544 373/388/544 363/370/544
f 373/389/545 355/390/545 354/366/545
f 373/388/546 357/364/546 355/362/546
f 364/391/547 373/389/547 354/366/547
f 364/371/548 363/370/548 373/388/548
f 358/367/549 364/391/549 354/366/549
f 358/369/550 365/372/550 366/373/550
f 370/382/551 371/384/551 372/387/551
f 374/363/501 357/364/501 356/386/501
o rycb
v 106.861671 409.241272 76.648346
v 123.732346 464.216858 81.547951
v 135.330933 415.757446 83.862373
v 113.188171 409.009186 108.297577
v -136.708740 415.757446 83.862373
v -125.110153 464.216858 81.547951
v -108.239479 409.241272 76.648346
v -114.565979 409.009186 108.297577
v -0.688903 422.657196 105.833267
v -0.688903 439.399689 141.260361
v 118.460258 422.068909 123.779709
v 79.446815 413.978119 96.565910
v -80.824623 413.978119 96.565910
v -119.838066 422.068909 123.779709
v -0.688903 402.164246 88.434814
v 107.916084 395.127502 61.193611
v 131.113266 426.968536 68.804131
v -109.293892 395.127502 61.193611
v -132.491074 426.968536 68.804131
v -174.667770 393.019379 61.248409
v -110.348312 376.866760 89.092392
v 173.289963 393.019379 61.248409
v 110.024918 378.797607 122.794952
v 108.970505 376.866760 89.092392
v 116.351425 395.936584 132.897186
v -117.729233 395.936584 132.897186
v -0.688903 376.552490 117.579445
v -0.688903 411.296234 155.702942
v -111.402725 378.797607 122.794952
v -0.688903 394.294250 150.871017
vn 0.2431 0.0119 -0.9699
vn 0.6980 0.1999 0.6877
vn -0.9431 0.2724 0.1905
vn -0.2431 0.0119 -0.9699
vn 0.9431 0.2724 0.1905
vn -0.6980 0.1999 0.6877
vn 0.0687 0.9020 -0.4263
vn 0.1536 0.9878 -0.0235
vn -0.0590 0.9306 -0.3613
vn -0.0181 0.6471 -0.7622
vn -0.5989 0.5706 -0.5619
vn 0.1218 0.7288 -0.6738
vn 0.1004 0.9280 -0.3589
vn 0.0590 0.9306 -0.3613
vn 0.3311 0.6627 -0.6717
vn -0.6204 0.6908 -0.3714
vn -0.3211 0.7144 0.6218
vn 0.6204 0.6908 -0.3714
vn -0.1536 0.9878 -0.0235
vn -0.3311 0.6627 -0.6717
vn 0.0181 0.6471 -0.7622
vn -0.1004 0.9280 -0.3589
vn 0.3211 0.7144 0.6218
vn -0.0687 0.9020 -0.4263
vn -0.1218 0.7288 -0.6738
vn 0.5989 0.5706 -0.5619
vn -0.0081 0.2269 -0.9739
vn 0.0265 -0.8369 -0.5468
vn 0.2624 -0.9638 0.0470
vn -0.0265 -0.8369 -0.5468
vn 0.5562 0.8244 0.1047
vn 0.6422 -0.5511 0.5328
vn -0.7769 0.1506 0.6113
vn -0.6252 0.6997 0.3458
vn 0.0081 0.2269 -0.9739
vn -0.1872 -0.8251 -0.5330
vn 0.1670 -0.7406 -0.6508
vn -0.2206 0.3054 0.9263
vn -0.5562 0.8244 0.1047
vn -0.1933 0.4485 0.8727
vn 0.6252 0.6997 0.3458
vn 0.1933 0.4485 0.8727
vn 0.7769 0.1506 0.6113
vn -0.6422 -0.5511 0.5328
vn -0.0176 -0.9982 0.0566
vn -0.1352 -0.5397 0.8309
vn -0.1498 -0.2703 0.9510
vn 0.0043 -0.8825 0.4703
vn 0.1352 -0.5397 0.8309
vn 0.0176 -0.9982 0.0566
vn -0.0043 -0.8825 0.4703
vn 0.1872 -0.8251 -0.5330
vn -0.2624 -0.9638 0.0470
vn -0.1670 -0.7406 -0.6508
vn 0.2206 0.3054 0.9263
vn 0.1498 -0.2703 0.9510
vt 0.954707 0.097128
vt 0.978608 0.102938
vt 0.986012 0.129778
vt 0.993663 0.085552
vt 0.955519 0.098280
vt 0.978876 0.102651
vt 0.985532 0.122559
vt 0.992580 0.088600
vt 0.928631 0.371642
vt 0.947784 0.373177
vt 0.947363 0.420729
vt 0.940600 0.422354
vt 0.926802 0.428414
vt 0.931864 0.410097
vt 0.937948 0.334192
vt 0.954942 0.326164
vt 0.913627 0.370439
vt 0.914988 0.436567
vt 0.934270 0.439135
vt 0.925503 0.305373
vt 0.935868 0.315302
vt 0.940391 0.435721
vt 0.948525 0.323483
vt 0.950447 0.310253
vt 0.944948 0.305909
vt 0.960484 0.286351
vt 0.000000 0.000000
vt 0.946493 0.460917
vt 0.965936 0.422911
vt 0.976226 0.434803
vt 0.957821 0.420998
vt 0.965310 0.327565
vt 0.961289 0.374259
vt 0.973625 0.326968
vt 0.985678 0.316867
vt 0.988720 0.376458
vt 0.969181 0.374892
s 0
usemtl caitsith
f 375/392/552 376/393/552 377/394/552
f 377/394/553 376/393/553 378/395/553
f 378/395/554 376/393/554 375/392/554
f 379/396/555 380/397/555 381/398/555
f 381/398/556 380/397/556 382/399/556
f 382/399/557 380/397/557 379/396/557
f 383/400/558 384/401/558 385/402/558
f 378/403/559 375/404/559 386/405/559
f 383/400/560 387/406/560 388/407/560
f 389/408/561 383/400/561 386/405/561
f 390/409/562 375/404/562 391/410/562
f 389/408/563 392/411/563 381/412/563
f 389/408/564 381/412/564 387/406/564
f 385/402/565 386/405/565 383/400/565
f 385/402/566 378/403/566 386/405/566
f 385/402/567 377/413/567 378/403/567
f 377/413/568 391/410/568 375/404/568
f 382/414/569 379/415/569 388/407/569
f 387/406/570 381/412/570 382/414/570
f 387/406/571 382/414/571 388/407/571
f 387/406/572 383/400/572 389/408/572
f 386/405/573 375/404/573 389/408/573
f 381/412/574 393/416/574 379/415/574
f 388/407/575 384/401/575 383/400/575
f 375/404/576 390/409/576 389/408/576
f 393/416/577 381/412/577 392/411/577
f 392/411/578 394/417/578 393/416/578
f 392/418/579 395/418/579 394/418/579
f 396/419/580 397/420/580 398/421/580
f 396/418/581 398/418/581 390/418/581
f 396/419/582 377/413/582 385/402/582
f 396/419/583 399/422/583 397/420/583
f 394/417/584 400/423/584 388/407/584
f 394/417/585 379/415/585 393/416/585
f 390/409/586 391/410/586 396/419/586
f 389/418/587 390/418/587 398/418/587
f 389/418/588 401/418/588 395/418/588
f 402/424/589 388/407/589 400/423/589
f 388/407/590 379/415/590 394/417/590
f 402/424/591 384/401/591 388/407/591
f 391/410/592 377/413/592 396/419/592
f 385/402/593 384/401/593 402/424/593
f 385/402/594 399/422/594 396/419/594
f 403/425/595 400/423/595 394/417/595
f 403/425/596 395/426/596 401/427/596
f 400/423/597 403/425/597 404/428/597
f 404/428/598 402/424/598 400/423/598
f 404/428/599 403/425/599 401/427/599
f 404/428/600 397/420/600 399/422/600
f 401/427/601 398/421/601 397/420/601
f 397/420/602 404/428/602 401/427/602
f 395/418/603 392/418/603 389/418/603
f 395/426/604 403/425/604 394/417/604
f 398/418/605 401/418/605 389/418/605
f 399/422/606 385/402/606 402/424/606
f 399/422/607 402/424/607 404/428/607
o ryce.001
v -274.519348 378.786133 67.014984
v -208.481171 396.701385 -33.985023
v -214.709534 357.366791 86.014969
v -266.612488 268.647644 65.014969
v -282.313477 406.790619 -35.985016
v -345.333069 336.331207 -1.985013
v -270.353241 377.160339 -98.985016
v -303.122192 274.733826 24.014980
v -333.271088 294.659821 -10.985017
v -424.701019 166.158600 24.014984
v -447.432251 192.791168 -10.985009
v -303.122192 274.733795 -45.985023
v -258.239685 280.262146 -89.985031
v -309.117645 296.275726 -83.985016
v -275.940399 252.125229 -10.985024
v -401.228088 140.196716 -10.985016
v -424.701080 166.158585 -45.985020
v -451.979309 148.045013 -10.985012
vn 0.2302 0.9211 0.3139
vn -0.3155 -0.0399 0.9481
vn 0.1243 0.9598 0.2516
vn -0.7725 0.5055 -0.3844
vn -0.6619 0.7092 0.2429
vn -0.6772 -0.0619 0.7331
vn -0.7419 -0.2449 0.6243
vn -0.4707 0.5276 0.7072
vn -0.4712 0.5280 -0.7065
vn 0.1347 0.9063 -0.4007
vn 0.9291 -0.3630 -0.0708
vn 0.7202 0.0256 -0.6933
vn -0.1505 -0.1101 -0.9825
vn -0.2579 -0.8905 -0.3749
vn -0.9286 -0.2015 -0.3117
vn -0.8120 0.2958 -0.5031
vn -0.7203 -0.6461 -0.2526
vn 0.8622 -0.5065 0.0086
vn 0.8557 -0.5174 0.0075
vn -0.4174 -0.8760 0.2417
vn -0.3168 -0.8457 -0.4294
vn -0.7996 -0.3386 0.4960
vn -0.4714 0.5278 0.7065
vn 0.4713 -0.5276 0.7068
vn 0.4710 -0.5274 0.7071
vn 0.4712 -0.5276 -0.7068
vn 0.4711 -0.5273 -0.7071
vn -0.4710 0.5274 -0.7072
vn -0.1293 -0.8359 0.5334
vn -0.8062 0.0819 -0.5859
vn -0.8062 0.0819 0.5859
vn -0.1293 -0.8359 -0.5334
vt 0.935668 0.712629
vt 0.950699 0.715145
vt 0.927307 0.619577
vt 0.945813 0.736378
vt 0.916663 0.688744
vt 0.890612 0.677811
vt 0.899145 0.726304
vt 0.929673 0.752852
vt 0.890610 0.748974
vt 0.882762 0.864300
vt 0.909608 0.860125
vt 0.847960 0.733554
vt 0.984049 0.721063
vt 0.828351 0.675294
vt 0.857913 0.707153
vt 0.803317 0.745158
vt 0.966924 0.764026
vt 0.934930 0.873144
vt 0.852182 0.856990
vt 0.821217 0.869721
vt 0.903179 0.886200
vt 0.857147 0.887896
s 0
usemtl caitsith
f 405/429/608 407/430/608 406/431/608
f 405/429/609 408/432/609 407/430/609
f 409/433/610 405/429/610 406/431/610
f 409/433/611 411/434/611 410/435/611
f 405/429/612 409/433/612 410/435/612
f 410/435/613 408/432/613 405/429/613
f 410/435/614 412/436/614 408/432/614
f 413/437/615 415/438/615 414/439/615
f 413/437/616 416/440/616 415/438/616
f 411/434/617 409/433/617 406/431/617
f 407/430/618 417/441/618 406/431/618
f 417/442/619 411/434/619 406/431/619
f 417/442/620 418/443/620 411/434/620
f 417/442/621 419/444/621 416/440/621
f 418/443/622 413/437/622 410/435/622
f 418/443/623 410/435/623 411/434/623
f 418/443/624 416/440/624 413/437/624
f 408/432/625 417/441/625 407/430/625
f 419/445/626 417/441/626 408/432/626
f 419/445/627 408/432/627 412/436/627
f 416/440/628 418/443/628 417/442/628
f 412/436/629 410/435/629 413/437/629
f 412/436/630 413/437/630 414/439/630
f 419/445/631 412/436/631 420/446/631
f 412/436/632 414/439/632 420/446/632
f 416/440/633 419/444/633 421/447/633
f 419/444/634 420/448/634 421/447/634
f 416/440/635 421/447/635 415/438/635
f 420/446/636 414/439/636 422/449/636
f 421/447/637 422/450/637 415/438/637
f 414/439/638 415/438/638 422/449/638
f 422/450/639 421/447/639 420/448/639
o ryce
v 259.589081 378.786102 67.014984
v 193.550903 396.701355 -33.985023
v 199.779282 357.366791 86.014977
v 251.682205 268.647644 65.014977
v 267.383179 406.790619 -35.985016
v 330.402832 336.331207 -1.985013
v 255.422943 377.160339 -98.985016
v 288.191895 274.733826 24.014980
v 318.340820 294.659790 -10.985016
v 409.770752 166.158569 24.014988
v 432.501953 192.791122 -10.985009
v 288.191925 274.733826 -45.985020
v 243.309433 280.262146 -89.985023
v 294.187378 296.275757 -83.985023
v 261.010101 252.125214 -10.985024
v 386.297791 140.196686 -10.985016
v 409.770752 166.158569 -45.985012
v 437.049011 148.045044 -10.985012
vn -0.2302 0.9211 0.3139
vn 0.3155 -0.0399 0.9481
vn -0.1243 0.9598 0.2516
vn 0.7725 0.5055 -0.3844
vn 0.6619 0.7092 0.2429
vn 0.6772 -0.0619 0.7331
vn 0.7419 -0.2449 0.6243
vn 0.4707 0.5276 0.7072
vn 0.4712 0.5280 -0.7065
vn -0.1347 0.9063 -0.4007
vn -0.9291 -0.3630 -0.0708
vn -0.7202 0.0256 -0.6933
vn 0.1505 -0.1101 -0.9825
vn 0.2579 -0.8905 -0.3749
vn 0.9286 -0.2015 -0.3117
vn 0.8120 0.2958 -0.5031
vn 0.7203 -0.6461 -0.2526
vn -0.8622 -0.5065 0.0086
vn -0.8557 -0.5174 0.0075
vn 0.4174 -0.8760 0.2417
vn 0.3168 -0.8457 -0.4294
vn 0.7996 -0.3386 0.4960
vn 0.4714 0.5278 0.7065
vn -0.4713 -0.5276 0.7068
vn -0.4710 -0.5274 0.7071
vn -0.4712 -0.5276 -0.7068
vn -0.4711 -0.5273 -0.7071
vn 0.4710 0.5274 -0.7072
vn 0.1293 -0.8359 0.5334
vn 0.8062 0.0819 -0.5859
vn 0.8062 0.0819 0.5859
vn 0.1293 -0.8359 -0.5334
vt 0.935668 0.712629
vt 0.927307 0.619577
vt 0.950699 0.715145
vt 0.945813 0.736378
vt 0.916663 0.688744
vt 0.899145 0.726304
vt 0.890612 0.677811
vt 0.929673 0.752852
vt 0.890610 0.748974
vt 0.909608 0.860125
vt 0.882762 0.864300
vt 0.847960 0.733554
vt 0.984049 0.721063
vt 0.828351 0.675294
vt 0.857913 0.707153
vt 0.803317 0.745158
vt 0.966924 0.764026
vt 0.934930 0.873144
vt 0.852182 0.856990
vt 0.821217 0.869721
vt 0.903179 0.886200
vt 0.857147 0.887896
s 0
usemtl caitsith
f 423/451/640 424/452/640 425/453/640
f 423/451/641 425/453/641 426/454/641
f 427/455/642 424/452/642 423/451/642
f 427/455/643 428/456/643 429/457/643
f 423/451/644 428/456/644 427/455/644
f 428/456/645 423/451/645 426/454/645
f 428/456/646 426/454/646 430/458/646
f 431/459/647 432/460/647 433/461/647
f 431/459/648 433/461/648 434/462/648
f 429/457/649 424/452/649 427/455/649
f 425/453/650 424/452/650 435/463/650
f 435/464/651 424/452/651 429/457/651
f 435/464/652 429/457/652 436/465/652
f 435/464/653 434/462/653 437/466/653
f 436/465/654 428/456/654 431/459/654
f 436/465/655 429/457/655 428/456/655
f 436/465/656 431/459/656 434/462/656
f 426/454/657 425/453/657 435/463/657
f 437/467/658 426/454/658 435/463/658
f 437/467/659 430/458/659 426/454/659
f 434/462/660 435/464/660 436/465/660
f 430/458/661 431/459/661 428/456/661
f 430/458/662 432/460/662 431/459/662
f 437/467/663 438/468/663 430/458/663
f 430/458/664 438/468/664 432/460/664
f 434/462/665 439/469/665 437/466/665
f 437/466/666 439/469/666 438/470/666
f 434/462/667 433/461/667 439/469/667
f 438/468/668 440/471/668 432/460/668
f 439/469/669 433/461/669 440/472/669
f 432/460/670 440/471/670 433/461/670
f 440/472/671 438/470/671 439/469/671
o rycf.001
v -414.581451 132.192886 -37.789764
v -578.094604 30.722244 73.942795
v -470.608643 -4.059723 129.736938
v -383.018097 152.529037 -2.361002
v -523.581177 53.628082 358.302338
v -520.080688 36.460449 236.753891
v -521.541870 -116.123550 254.999359
v -444.438629 172.404465 -34.243370
v -699.995911 -48.753525 192.447311
v -520.080688 -56.886520 178.561584
v -693.384155 75.388992 257.100220
v -470.608612 102.864967 196.393570
v -414.581421 193.292709 0.299749
v -488.450500 134.012115 252.921600
v -564.401978 139.905121 160.522736
v -539.056396 147.241821 241.487274
v -576.972168 89.924103 287.092712
v -515.505310 121.855827 311.936859
v -514.518250 87.636139 348.413177
v -635.872314 51.696899 346.958191
v -655.847168 -94.296951 288.067383
v -468.043793 73.932510 297.622711
v -397.035339 176.903809 -41.460854
v -595.583313 105.232544 90.465317
v -645.968262 -106.404648 272.025879
v -677.411072 -62.669968 170.324249
v -674.548645 110.451614 258.674530
v -650.990967 17.222214 348.233032
v -697.281799 -30.312088 159.364944
v -690.670044 95.401794 224.997467
vn 0.0659 -0.7848 -0.6162
vn 0.7203 -0.6362 -0.2765
vn 0.9995 -0.0060 0.0296
vn -0.4369 -0.2481 -0.8646
vn 0.0621 -0.7480 -0.6608
vn -0.5950 0.0384 -0.8028
vn 0.9122 -0.2168 0.3478
vn 0.7901 -0.3513 -0.5023
vn 0.7203 0.5284 0.4495
vn 0.4508 0.8343 -0.3174
vn 0.1724 0.8749 0.4527
vn 0.7901 0.6056 0.0943
vn -0.6414 0.0195 -0.7669
vn -0.4793 0.8705 -0.1121
vn -0.7501 0.6371 0.1771
vn -0.5477 0.6028 0.5803
vn 0.0856 0.9238 0.3733
vn -0.5476 0.7120 0.4396
vn -0.6449 0.3668 0.6705
vn -0.0646 0.8687 0.4912
vn -0.7848 0.3187 -0.5314
vn -0.9283 -0.1317 0.3478
vn 0.0549 -0.9110 -0.4087
vn 0.1138 -0.7297 -0.6742
vn 0.7198 -0.6624 -0.2076
vn 0.8142 -0.3071 0.4927
vn 0.9999 -0.0080 0.0129
vn -0.9229 -0.1509 0.3542
vn 0.2858 0.9422 -0.1749
vn 0.1836 0.9428 0.2784
vn -0.1442 -0.7808 -0.6079
vn 0.1252 -0.5147 0.8482
vn 0.6893 0.5376 0.4857
vn 0.7377 -0.0003 0.6751
vn 0.9228 0.3760 0.0841
vn 0.7009 0.5635 0.4374
vn 0.4685 -0.8728 0.1368
vn 0.0158 0.8356 0.5491
vn 0.0667 -0.4760 0.8769
vn -0.1484 -0.0230 -0.9887
vn -0.1484 0.8978 -0.4147
vn -0.5050 0.8416 -0.1918
vn -0.4293 0.8707 -0.2398
vn -0.4144 0.8882 -0.1985
vn -0.7453 0.3479 0.5688
vn -0.3350 -0.4803 -0.8106
vn -0.6166 -0.7743 -0.1424
vn 0.0218 -0.7915 0.6108
vn -0.1016 0.0812 0.9915
vn -0.9966 0.0727 -0.0389
vn -0.8651 0.4553 0.2107
vn -0.7255 -0.5741 -0.3795
vn -0.7354 0.3695 0.5681
vn -0.7520 -0.6583 0.0337
vn -0.9964 0.0741 -0.0404
vt 0.682440 0.749736
vt 0.562252 0.816232
vt 0.608606 0.817825
vt 0.677681 0.723347
vt 0.704803 0.923422
vt 0.729064 0.959232
vt 0.750643 0.917701
vt 0.716222 0.764604
vt 0.544596 0.886954
vt 0.581630 0.893248
vt 0.600357 0.882631
vt 0.645009 0.820808
vt 0.763681 0.775718
vt 0.756558 0.855817
vt 0.792428 0.913726
vt 0.710102 0.732825
vt 0.735184 0.781080
vt 0.685796 0.828598
vt 0.728821 0.865464
vt 0.743565 0.755179
vt 0.679323 0.889975
vt 0.699819 0.859320
vt 0.707437 0.902663
vt 0.709820 0.882270
vt 0.654208 0.882971
vt 0.667954 0.924947
vt 0.640319 0.872975
vt 0.639710 0.894646
vt 0.602933 0.904754
vt 0.660537 0.942568
vt 0.640693 0.990264
vt 0.750644 0.917700
vt 0.733368 0.899069
vt 0.771615 0.959827
vt 0.658932 0.992068
vt 0.675871 0.997866
s 0
usemtl caitsith
f 441/473/672 443/474/672 442/475/672
f 443/474/673 441/473/673 444/476/673
f 445/477/674 447/478/674 446/479/674
f 442/475/675 448/480/675 441/473/675
f 442/475/676 450/481/676 466/482/676
f 442/475/677 469/483/677 464/484/677
f 444/485/678 452/486/678 443/487/678
f 444/476/679 441/473/679 463/488/679
f 452/486/680 444/485/680 453/489/680
f 452/486/681 455/490/681 454/491/681
f 453/489/682 455/490/682 452/486/682
f 453/489/683 444/485/683 463/492/683
f 464/484/684 448/480/684 442/475/684
f 464/484/685 453/489/685 448/480/685
f 455/490/686 457/493/686 456/494/686
f 457/493/687 459/495/687 458/496/687
f 457/493/688 455/490/688 467/497/688
f 456/494/689 457/493/689 458/496/689
f 457/493/690 445/477/690 459/495/690
f 457/493/691 460/498/691 445/477/691
f 470/499/692 464/484/692 469/483/692
f 451/500/693 449/501/693 468/502/693
f 450/481/694 465/503/694 466/482/694
f 450/481/695 442/475/695 443/474/695
f 446/504/696 452/486/696 462/505/696
f 446/504/697 450/506/697 452/486/697
f 450/506/697 443/487/697 452/486/697
f 447/478/698 450/506/698 446/504/698
f 449/501/699 461/507/699 468/502/699
f 454/491/700 455/490/700 456/494/700
f 454/491/701 456/494/701 458/496/701
f 465/508/702 450/506/702 447/478/702
f 461/507/703 447/478/703 445/477/703
f 459/495/704 462/505/704 458/496/704
f 462/505/705 459/495/705 445/477/705
f 462/505/706 452/486/706 454/491/706
f 462/505/707 454/491/707 458/496/707
f 462/505/708 445/477/708 446/504/708
f 460/498/709 457/493/709 467/497/709
f 468/502/710 461/507/710 445/477/710
f 441/473/711 448/480/711 463/488/711
f 463/492/712 448/480/712 453/489/712
f 453/489/713 464/484/713 455/490/713
f 470/499/714 455/490/714 464/484/714
f 470/499/715 467/497/715 455/490/715
f 460/498/716 451/500/716 468/502/716
f 466/482/717 469/483/717 442/475/717
f 465/503/718 449/501/718 466/482/718
f 447/478/719 461/507/719 465/508/719
f 445/477/720 460/498/720 468/502/720
f 469/483/721 451/500/721 470/499/721
f 467/497/722 470/499/722 451/500/722
f 466/482/723 449/501/723 469/483/723
f 460/498/724 467/497/724 451/500/724
f 465/503/725 461/507/725 449/501/725
f 469/483/726 449/501/726 451/500/726
o rycf
v 423.619263 132.192871 -37.789757
v 587.132446 30.722260 73.942795
v 479.646484 -4.059708 129.736923
v 392.055939 152.529022 -2.361008
v 532.619019 53.628067 358.302338
v 529.118530 36.460457 236.753906
v 530.579712 -116.123550 254.999359
v 453.476471 172.404434 -34.243366
v 709.033752 -48.753510 192.447296
v 529.118530 -56.886505 178.561584
v 702.421997 75.389000 257.100220
v 479.646454 102.864975 196.393570
v 423.619263 193.292694 0.299763
v 497.488312 134.012115 252.921631
v 573.439758 139.905090 160.522720
v 548.094238 147.241821 241.487274
v 586.010010 89.924110 287.092712
v 524.543152 121.855835 311.936829
v 523.556091 87.636162 348.413208
v 644.910156 51.696907 346.958191
v 664.885010 -94.296951 288.067383
v 477.081635 73.932518 297.622681
v 406.073181 176.903793 -41.460846
v 604.621155 105.232544 90.465317
v 655.006104 -106.404648 272.025848
v 686.448853 -62.669968 170.324265
v 683.586426 110.451614 258.674500
v 660.028809 17.222214 348.233032
v 706.319580 -30.312088 159.364944
v 699.707886 95.401802 224.997467
vn -0.0659 -0.7848 -0.6162
vn -0.7203 -0.6362 -0.2765
vn -0.9995 -0.0060 0.0296
vn 0.4369 -0.2481 -0.8646
vn -0.0621 -0.7480 -0.6608
vn 0.5950 0.0384 -0.8028
vn -0.9122 -0.2168 0.3478
vn -0.7901 -0.3513 -0.5023
vn -0.7203 0.5284 0.4495
vn -0.4508 0.8343 -0.3174
vn -0.1724 0.8749 0.4527
vn -0.7901 0.6056 0.0943
vn 0.6414 0.0195 -0.7669
vn 0.4793 0.8705 -0.1121
vn 0.7501 0.6371 0.1771
vn 0.5477 0.6028 0.5803
vn -0.0856 0.9238 0.3733
vn 0.5476 0.7120 0.4396
vn 0.6449 0.3668 0.6705
vn 0.0646 0.8687 0.4912
vn 0.7848 0.3187 -0.5314
vn 0.9283 -0.1317 0.3478
vn -0.0549 -0.9110 -0.4087
vn -0.1138 -0.7297 -0.6742
vn -0.7198 -0.6624 -0.2076
vn -0.8142 -0.3071 0.4927
vn -0.9999 -0.0080 0.0129
vn 0.9229 -0.1509 0.3542
vn -0.2858 0.9422 -0.1749
vn -0.1836 0.9428 0.2784
vn 0.1442 -0.7808 -0.6079
vn -0.1252 -0.5147 0.8482
vn -0.6893 0.5376 0.4857
vn -0.7377 -0.0003 0.6751
vn -0.9228 0.3760 0.0841
vn -0.7009 0.5635 0.4374
vn -0.4685 -0.8728 0.1368
vn -0.0158 0.8356 0.5491
vn -0.0667 -0.4760 0.8769
vn 0.1484 -0.0230 -0.9887
vn 0.1484 0.8978 -0.4147
vn 0.5050 0.8416 -0.1918
vn 0.4293 0.8707 -0.2398
vn 0.4144 0.8882 -0.1985
vn 0.7354 0.3695 0.5681
vn 0.3350 -0.4803 -0.8106
vn 0.6166 -0.7743 -0.1424
vn -0.0218 -0.7915 0.6108
vn 0.1016 0.0812 0.9915
vn 0.9966 0.0727 -0.0389
vn 0.8651 0.4553 0.2107
vn 0.7255 -0.5741 -0.3795
vn 0.7453 0.3479 0.5688
vn 0.7520 -0.6583 0.0337
vn 0.9964 0.0741 -0.0404
vt 0.682440 0.749736
vt 0.608606 0.817825
vt 0.562252 0.816232
vt 0.677681 0.723347
vt 0.704803 0.923422
vt 0.750643 0.917701
vt 0.729064 0.959232
vt 0.716222 0.764604
vt 0.581630 0.893248
vt 0.544596 0.886954
vt 0.645009 0.820808
vt 0.600357 0.882631
vt 0.763681 0.775718
vt 0.792428 0.913726
vt 0.756558 0.855817
vt 0.710102 0.732825
vt 0.735184 0.781080
vt 0.728821 0.865464
vt 0.685796 0.828598
vt 0.743565 0.755179
vt 0.699819 0.859320
vt 0.679323 0.889975
vt 0.709820 0.882270
vt 0.707437 0.902663
vt 0.654208 0.882971
vt 0.667954 0.924947
vt 0.640319 0.872975
vt 0.639710 0.894646
vt 0.660537 0.942568
vt 0.602933 0.904754
vt 0.640693 0.990264
vt 0.750644 0.917700
vt 0.733368 0.899069
vt 0.771615 0.959827
vt 0.658932 0.992068
vt 0.675871 0.997866
s 0
usemtl caitsith
f 471/509/727 472/510/727 473/511/727
f 473/511/728 474/512/728 471/509/728
f 475/513/729 476/514/729 477/515/729
f 472/510/730 471/509/730 478/516/730
f 472/510/731 496/517/731 480/518/731
f 472/510/732 494/519/732 499/520/732
f 474/521/733 473/522/733 482/523/733
f 474/512/734 493/524/734 471/509/734
f 482/523/735 483/525/735 474/521/735
f 482/523/736 484/526/736 485/527/736
f 483/525/737 482/523/737 485/527/737
f 483/525/738 493/528/738 474/521/738
f 494/519/739 472/510/739 478/516/739
f 494/519/740 478/516/740 483/525/740
f 485/527/741 486/529/741 487/530/741
f 487/530/742 488/531/742 489/532/742
f 487/530/743 497/533/743 485/527/743
f 486/529/744 488/531/744 487/530/744
f 487/530/745 489/532/745 475/513/745
f 487/530/746 475/513/746 490/534/746
f 500/535/747 499/520/747 494/519/747
f 481/536/748 498/537/748 479/538/748
f 480/518/749 496/517/749 495/539/749
f 480/518/750 473/511/750 472/510/750
f 476/540/751 492/541/751 482/523/751
f 476/540/752 482/523/752 480/542/752
f 480/542/752 482/523/752 473/522/752
f 477/515/753 476/540/753 480/542/753
f 479/538/754 498/537/754 491/543/754
f 484/526/755 486/529/755 485/527/755
f 484/526/756 488/531/756 486/529/756
f 495/544/757 477/515/757 480/542/757
f 491/543/758 475/513/758 477/515/758
f 489/532/759 488/531/759 492/541/759
f 492/541/760 475/513/760 489/532/760
f 492/541/761 484/526/761 482/523/761
f 492/541/762 488/531/762 484/526/762
f 492/541/763 476/540/763 475/513/763
f 490/534/764 497/533/764 487/530/764
f 498/537/765 475/513/765 491/543/765
f 471/509/766 493/524/766 478/516/766
f 493/528/767 483/525/767 478/516/767
f 483/525/768 485/527/768 494/519/768
f 500/535/769 494/519/769 485/527/769
f 500/535/770 485/527/770 497/533/770
f 490/534/771 481/536/771 497/533/771
f 496/517/772 472/510/772 499/520/772
f 479/538/773 495/539/773 496/517/773
f 477/515/774 495/544/774 491/543/774
f 475/513/775 498/537/775 490/534/775
f 481/536/776 499/520/776 500/535/776
f 497/533/777 481/536/777 500/535/777
f 496/517/778 499/520/778 479/538/778
f 490/534/779 498/537/779 481/536/779
f 479/538/780 491/543/780 495/539/780
f 481/536/781 479/538/781 499/520/781
o ryaz
v -18.157055 612.243042 -85.630219
v -1.954321 603.831482 -92.719879
v -17.489792 626.266418 -74.981712
v 7.915812 549.565674 -123.069756
v -50.063339 552.324463 -123.069756
v -35.085266 605.407959 -92.719879
v -23.220419 505.830627 -166.433548
v -23.117630 507.990875 -183.006302
v -7.450789 510.125061 -178.222717
v -47.118458 526.981873 -144.765656
v -38.511047 511.602997 -178.222717
v -22.252623 526.169983 -136.678741
v 2.577957 524.617188 -144.765656
v 28.151749 625.916504 -104.823898
v 9.476355 604.170471 -102.458473
v 11.730991 607.937927 -128.143448
v 21.451195 659.561951 -88.681358
v 22.665184 619.650879 -87.652779
v 22.123787 673.697266 -98.762817
v 9.778183 675.938232 -97.510048
v 23.753086 642.514343 -141.843079
v -23.228180 658.324707 -80.821907
v -36.951591 697.033875 -94.920456
v -39.918232 678.302856 -97.510048
v -44.657852 687.735107 -111.349808
v -28.490219 678.585876 -96.883667
v 8.603453 694.866272 -94.920456
v -1.571327 677.305054 -96.883667
v -8.733393 657.635010 -80.821907
v 15.391979 684.877808 -111.349808
v 17.958164 607.960144 -71.961899
v -4.493219 637.706299 -78.855392
v -8.350327 600.261047 -67.034897
v -29.341427 638.888611 -78.855392
v -17.114910 634.144958 -76.804817
v -16.929466 638.042236 -69.942635
v -24.975365 643.413757 -71.366829
v -24.342024 656.724182 -82.074677
v -29.057167 601.246338 -67.034897
v -54.515774 611.408630 -71.961899
v -8.409894 642.625549 -71.366829
v 17.891823 584.757629 -79.135620
v -56.652802 588.304626 -79.135620
v -7.776552 655.935913 -82.074677
v -16.140453 654.624268 -72.962456
v -57.003590 646.356934 -141.843079
v -52.420837 677.244263 -98.762817
v -62.958344 630.251770 -104.823898
v -48.318840 610.795288 -128.143448
v -65.904823 568.328125 -141.437592
v -63.088531 583.899414 -167.265976
v -53.093430 663.108948 -88.681358
v -58.091492 623.493469 -87.652779
v -46.432114 606.830688 -102.458473
v -27.270744 638.790100 -78.855392
v -6.563903 637.804810 -78.855392
v -37.801445 613.748779 -76.091080
v 23.880196 579.761230 -167.265976
v 25.205269 563.992859 -141.437592
v 1.541550 611.876709 -76.091080
v -19.379631 586.549255 -197.507050
v -20.930706 553.951599 -219.657913
v -57.706219 544.357727 -194.427887
v 13.732376 540.958496 -194.427887
v -22.343582 524.258423 -204.478027
vn 0.0336 -0.6054 0.7952
vn 0.1422 -0.4633 0.8747
vn -0.0248 -0.5202 0.8537
vn -0.1855 -0.4477 0.8747
vn -0.0910 -0.5995 0.7952
vn 0.1717 -0.9770 -0.1263
vn -0.5047 -0.8263 0.2500
vn -0.2073 -0.8045 0.5566
vn 0.4239 -0.8705 0.2500
vn 0.1927 -0.6671 0.7197
vn 0.1300 -0.8205 0.5566
vn -0.2551 -0.6458 0.7197
vn -0.0229 -0.4805 0.8767
vn -0.2636 -0.9563 -0.1263
vn 0.7567 -0.6531 -0.0294
vn 0.9479 0.0370 0.3164
vn 0.1842 0.5649 0.8043
vn 0.9895 0.1322 -0.0583
vn -0.6997 0.0121 0.7143
vn -0.0396 -0.8319 -0.5534
vn 0.8986 0.3910 0.1988
vn -0.8575 0.4746 0.1988
vn -0.0051 -0.1082 0.9941
vn 0.6977 -0.0544 0.7143
vn 0.9254 0.0056 0.3790
vn 0.0932 0.2910 0.9522
vn 0.0410 0.8612 -0.5066
vn -0.9207 0.0934 0.3790
vn -0.3870 -0.7973 0.4633
vn -0.8909 0.3097 0.3323
vn -0.0651 0.2985 0.9522
vn -0.5009 -0.5799 0.6425
vn -0.0439 0.2990 0.9532
vn 0.4436 -0.6249 0.6425
vn 0.3096 -0.8304 0.4633
vn 0.2566 -0.2862 0.9232
vn -0.2826 -0.2605 0.9232
vn 0.6118 0.4780 0.6303
vn -0.5636 0.5339 0.6303
vn 0.0697 0.1755 0.9820
vn -0.0173 -0.3631 -0.9316
vn 0.0721 0.2935 0.9532
vn -0.0528 0.1813 0.9820
vn 0.0467 0.9818 0.1842
vn 0.9163 0.2237 0.3323
vn -0.0105 0.8132 -0.5819
vn -0.8987 -0.3306 -0.2884
vn -0.9300 0.3507 0.1100
vn -0.9610 0.1895 0.2016
vn -0.9401 0.1268 0.3164
vn -0.9299 0.3469 0.1219
vn -0.9725 0.2256 -0.0583
vn 0.0382 0.8037 -0.5939
vn -0.8173 -0.5762 0.0049
vn -0.1297 0.5798 0.8043
vn 0.0146 0.3058 0.9520
vn -0.1608 0.1749 0.9714
vn -0.1909 0.1867 0.9637
vn 0.8332 -0.4519 -0.3186
vn 0.9591 0.2608 0.1100
vn 0.0047 0.0992 0.9951
vn 0.1767 0.1588 0.9714
vn 0.1749 0.5609 0.8092
vn 0.0877 0.8085 -0.5819
vn -0.1208 0.5750 0.8092
vn -0.2301 0.1445 0.9624
vn -0.5784 0.4771 -0.6617
vn -0.4636 0.0814 0.8823
vn -0.3521 0.8280 -0.4363
vn 0.0451 0.9487 -0.3128
vn 0.5712 0.3652 -0.7351
vn 0.6254 -0.2911 0.7239
vn 0.9746 0.0974 0.2016
vn 0.2428 0.1220 0.9624
vn 0.8239 -0.5668 -0.0015
vn 0.4948 -0.7827 0.3776
vn 0.0298 0.6257 0.7795
vn -0.8646 -0.5024 0.0085
vn -0.4498 -0.3895 -0.8037
vn -0.5313 0.4293 -0.7303
vn -0.8363 -0.4094 0.3646
vn -0.8153 -0.5783 -0.0294
vn -0.9669 -0.2203 0.1291
vn -0.8724 -0.3707 -0.3186
vn 0.4481 -0.7676 0.4582
vn -0.4097 -0.8404 0.3546
vn -0.5668 -0.7322 0.3776
vn -0.8118 -0.1585 0.5621
vn -0.6502 -0.2304 0.7239
vn -0.3518 -0.7400 -0.5733
vn -0.5158 -0.6032 -0.6084
vn 0.4211 -0.4287 -0.7993
vn 0.9413 -0.3204 0.1060
vn 0.4665 -0.6409 -0.6096
vn 0.2799 -0.7700 -0.5733
vn 0.6320 0.4148 -0.6547
vn 0.9587 0.2571 0.1219
vn 0.4291 0.7909 -0.4363
vn 0.8632 -0.4144 -0.2884
vn 0.2078 0.1677 0.9637
vn -0.5189 -0.7216 0.4582
vn 0.3281 -0.8756 0.3546
vn 0.4693 0.0370 0.8823
vn 0.7937 -0.4869 0.3646
vn 0.7931 -0.2348 0.5621
vn 0.7589 -0.6512 0.0049
vt 0.115337 0.895867
vt 0.128653 0.916915
vt 0.096387 0.895617
vt 0.210209 0.925439
vt 0.211053 0.868845
vt 0.129248 0.875144
vt 0.265975 0.898010
vt 0.279947 0.898265
vt 0.275549 0.912736
vt 0.243366 0.874183
vt 0.276093 0.883598
vt 0.236384 0.897535
vt 0.242633 0.921068
vt 0.100559 0.966315
vt 0.136217 0.938325
vt 0.153040 0.975500
vt 0.057348 0.941708
vt 0.101853 0.941195
vt 0.036973 0.951859
vt 0.029217 0.934937
vt 0.197339 0.596209
vt 0.143325 0.581528
vt 0.173951 0.507336
vt 0.057770 0.885077
vt 0.004312 0.862535
vt 0.029618 0.855091
vt 0.063868 0.496215
vt 0.079434 0.473181
vt 0.151678 0.493065
vt 0.025906 0.881770
vt 0.004312 0.928188
vt 0.024269 0.908316
vt 0.057173 0.904362
vt 0.122617 0.462768
vt 0.135846 0.435941
vt 0.454246 0.196116
vt 0.494856 0.146506
vt 0.498166 0.213166
vt 0.050219 0.435941
vt 0.537018 0.146666
vt 0.515907 0.154312
vt 0.515949 0.143394
vt 0.524674 0.137725
vt 0.531291 0.114815
vt 0.577249 0.196583
vt 0.533201 0.213299
vt 0.507267 0.137659
vt 0.447936 0.236711
vt 0.583252 0.237225
vt 0.500825 0.114699
vt 0.516014 0.126385
vt 0.052791 0.631871
vt 0.147691 0.630748
vt 0.063858 0.572387
vt 0.043570 0.505736
vt 0.005768 0.582581
vt 0.213965 0.838589
vt 0.155320 0.817137
vt 0.230020 0.800328
vt 0.102394 0.824747
vt 0.058385 0.848491
vt 0.037806 0.837851
vt 0.103038 0.850080
vt 0.137398 0.853900
vt 0.081715 0.883421
vt 0.081249 0.907413
vt 0.107125 0.874270
vt 0.227196 0.994444
vt 0.212247 0.955752
vt 0.106531 0.917209
vt 0.101358 0.728553
vt 0.101744 0.770590
vt 0.044303 0.778783
vt 0.034430 0.705756
vt 0.167788 0.704192
vt 0.158395 0.777583
vt 0.292853 0.960201
vt 0.294665 0.835964
vt 0.102411 0.813483
vt 0.313983 0.898961
s 0
usemtl caith_sith
f 501/545/782 502/546/782 503/547/782
f 504/548/783 502/546/783 501/545/783
f 501/545/784 505/549/784 504/548/784
f 501/545/785 506/550/785 505/549/785
f 501/545/786 503/547/786 506/550/786
f 507/551/787 508/552/787 509/553/787
f 507/551/788 510/554/788 511/555/788
f 507/551/789 512/556/789 510/554/789
f 509/553/790 513/557/790 507/551/790
f 513/557/791 504/548/791 512/556/791
f 513/557/792 512/556/792 507/551/792
f 512/556/793 505/549/793 510/554/793
f 505/549/794 512/556/794 504/548/794
f 511/555/795 508/552/795 507/551/795
f 514/558/796 515/559/796 516/560/796
f 517/561/797 518/562/797 514/558/797
f 517/561/798 519/563/798 520/564/798
f 514/565/799 521/566/799 519/567/799
f 522/568/800 523/569/800 524/570/800
f 524/571/801 525/572/801 520/573/801
f 522/568/802 526/574/802 523/569/802
f 527/575/803 528/576/803 529/577/803
f 527/575/804 523/569/804 528/576/804
f 520/564/805 527/575/805 529/577/805
f 520/573/806 530/578/806 527/579/806
f 528/576/804 523/569/804 526/574/804
f 520/573/801 525/572/801 530/578/801
f 531/580/807 532/581/807 533/582/807
f 530/578/808 523/583/808 527/579/808
f 525/572/809 524/571/809 523/583/809
f 525/572/808 523/583/808 530/578/808
f 534/584/810 535/585/810 536/586/810
f 534/584/811 537/587/811 538/588/811
f 534/584/812 540/589/812 539/590/812
f 536/586/813 537/587/813 534/584/813
f 535/585/814 534/584/814 539/590/814
f 532/581/815 541/591/815 536/586/815
f 532/581/816 536/586/816 535/585/816
f 531/580/817 533/582/817 542/592/817
f 539/590/818 540/589/818 543/593/818
f 541/591/819 544/594/819 545/595/819
f 545/595/820 538/588/820 537/587/820
f 545/595/821 536/586/821 541/591/821
f 549/596/822 521/566/822 516/597/822
f 533/582/823 532/581/823 535/585/823
f 537/587/824 536/586/824 545/595/824
f 538/588/825 545/595/825 544/594/825
f 544/594/826 541/591/826 532/581/826
f 546/598/827 547/599/827 524/571/827
f 548/600/828 546/598/828 549/596/828
f 550/601/829 549/602/829 551/603/829
f 548/604/830 552/605/830 547/606/830
f 548/604/831 553/607/831 552/605/831
f 550/601/832 554/608/832 549/602/832
f 547/599/833 546/598/833 548/600/833
f 546/598/834 520/573/834 521/566/834
f 554/608/835 553/607/835 548/604/835
f 524/570/836 547/606/836 552/605/836
f 524/571/834 520/573/834 546/598/834
f 555/609/837 503/547/837 556/610/837
f 555/609/838 557/611/838 503/547/838
f 555/609/839 552/605/839 557/611/839
f 558/612/840 559/613/840 513/557/840
f 558/612/841 516/560/841 559/613/841
f 555/609/842 556/610/842 522/568/842
f 522/568/842 556/610/842 529/577/842
f 503/547/843 560/614/843 556/610/843
f 520/564/844 529/577/844 517/561/844
f 520/573/845 519/567/845 521/566/845
f 552/605/846 522/568/846 524/570/846
f 552/605/847 555/609/847 522/568/847
f 561/615/848 562/616/848 563/617/848
f 552/605/849 553/607/849 557/611/849
f 561/615/850 551/618/850 549/596/850
f 561/615/851 549/596/851 516/597/851
f 561/615/852 558/619/852 564/620/852
f 515/559/853 502/546/853 504/548/853
f 519/563/854 517/561/854 514/558/854
f 529/577/855 556/610/855 517/561/855
f 513/557/856 509/553/856 564/621/856
f 515/559/857 518/562/857 560/614/857
f 528/576/858 522/568/858 529/577/858
f 563/622/859 511/555/859 510/554/859
f 563/617/860 562/616/860 565/623/860
f 563/617/861 551/618/861 561/615/861
f 510/554/862 505/549/862 550/601/862
f 549/602/863 554/608/863 548/604/863
f 510/554/864 551/603/864 563/622/864
f 510/554/865 550/601/865 551/603/865
f 557/611/866 506/550/866 503/547/866
f 557/611/867 554/608/867 506/550/867
f 557/611/868 553/607/868 554/608/868
f 505/549/869 554/608/869 550/601/869
f 505/549/870 506/550/870 554/608/870
f 565/624/871 508/552/871 511/555/871
f 565/624/872 511/555/872 563/622/872
f 565/623/873 562/616/873 564/620/873
f 564/621/874 558/612/874 513/557/874
f 564/621/875 509/553/875 565/624/875
f 509/553/876 508/552/876 565/624/876
f 564/620/877 562/616/877 561/615/877
f 516/560/878 515/559/878 559/613/878
f 516/597/879 558/619/879 561/615/879
f 516/597/880 521/566/880 514/565/880
f 560/614/881 517/561/881 556/610/881
f 560/614/882 503/547/882 502/546/882
f 560/614/883 502/546/883 515/559/883
f 560/614/884 518/562/884 517/561/884
f 559/613/885 504/548/885 513/557/885
f 559/613/886 515/559/886 504/548/886
f 518/562/887 515/559/887 514/558/887
f 526/574/858 522/568/858 528/576/858
f 549/596/822 546/598/822 521/566/822
o ryba
v -14.664188 665.993591 -38.121883
v -4.931378 673.134766 -27.777847
v -17.215839 692.826477 -31.097008
v -37.682571 714.645203 -18.588875
v -33.227577 701.820068 -17.039185
v -18.712868 708.569092 -12.432663
v -21.925013 742.347656 -8.294350
v -57.604397 691.536377 -37.016785
v -3.186234 704.676819 -17.039185
v -1.467400 718.089050 -18.588875
v 21.421131 699.051270 -37.016785
v -70.723801 686.160645 -66.919434
v -82.507103 711.692627 -62.086761
v -94.016113 701.170471 -84.366066
v -64.288521 708.864746 -37.606251
v -61.767155 750.482849 -25.446888
v -26.468725 746.332764 -9.760971
v 14.398823 757.725830 -25.446888
v 24.719341 717.328857 -37.606251
v 42.840874 723.612427 -62.086761
v 36.589458 696.365540 -66.919434
v 56.635178 715.496521 -84.366058
v -25.568542 671.172241 -27.777847
v -3.801660 694.101868 -12.250854
v -17.116707 691.783997 -10.306213
v -30.629974 691.550659 -12.250854
v -81.250153 687.364380 -89.640518
v -39.536606 675.721497 -98.139732
v -38.739254 667.336609 -54.320023
v -49.168648 673.799194 -47.758007
v -61.431202 697.931091 -120.864655
v -18.148233 702.631470 -146.956909
v 7.928871 680.235168 -98.139732
v 46.700260 699.531738 -89.640511
v 25.244884 706.173462 -120.864655
v 8.726223 671.850281 -54.320023
v -25.928534 674.957886 -76.444778
v -4.005731 652.451660 -80.984634
v -5.291368 676.920349 -76.444778
v -4.255206 655.075134 -99.454826
v -22.828655 653.308899 -99.454826
v -5.568564 679.835327 -96.967209
v -14.764593 699.896545 -6.044662
v -20.955742 699.307800 -6.044662
v 12.039940 681.013916 -34.801655
v 17.750595 680.162842 -47.758007
v -43.720776 675.711426 -34.801655
v -90.845139 744.468140 -83.494034
v -76.988098 773.933472 -67.078995
v -116.933701 829.861450 -53.242958
v 53.960724 846.394165 -53.173363
v 26.185570 783.873657 -67.979019
v 47.091225 757.585022 -83.494034
v -76.672081 747.624268 -52.081993
v -91.706619 720.680237 -79.532112
v -56.066887 783.858032 -41.723549
v -21.326250 736.051147 -132.744019
v 20.401749 757.103394 -112.518250
v -66.274338 748.861023 -112.518250
v -23.990726 764.070557 -124.540176
v -4.079548 795.565430 -96.254395
v 3.780888 789.549194 -41.723549
v 31.135731 757.766785 -51.319210
v -21.242664 756.841797 -13.573929
v -23.872707 751.880432 -10.055069
v -24.816265 761.802795 -13.868019
v -26.876783 714.085266 -0.375114
v -21.619028 739.129944 4.511177
v 50.689819 734.221313 -79.532112
v -24.769547 772.260498 -20.759346
v -13.355400 788.317566 21.880135
v -28.272560 765.301697 -18.559410
v -39.209728 740.057678 30.886726
v -49.481308 791.248047 -96.254395
v 2.471833 792.366028 -62.245979
v -26.808270 793.699524 -90.977379
v -13.722455 809.376953 -74.269188
v -30.374603 831.202759 -90.837379
v -55.312225 786.871094 -62.245979
v -42.614483 806.629517 -74.269188
v -63.968548 823.154968 -56.975372
v 4.134090 829.631104 -56.975372
v -13.334381 805.296021 -45.537788
v -26.018261 785.391846 -32.488457
v -42.226410 802.548584 -45.537788
v -29.445997 821.437622 -22.087242
v -22.579178 650.685486 -80.984634
v -26.205729 677.872864 -96.967209
v -11.351056 692.272217 -11.964630
v -7.369152 693.211670 -12.274490
v -8.127617 687.808655 -12.909966
v -23.426281 691.145264 -12.113533
v -27.520899 691.302185 -12.322319
v -25.755453 686.143677 -12.989380
v -19.755749 719.535889 -14.121246
v -17.876743 699.776489 -4.946457
v 73.045395 853.011353 -46.231644
v 63.892647 837.263245 -54.337074
v 75.189804 830.460938 -51.240936
v 61.579201 824.937622 -58.582840
v 69.765617 822.338989 -56.856430
v 55.420273 814.282776 -63.390076
v 54.896019 825.104248 -60.085342
v 54.635468 837.000977 -55.919731
v 56.040909 797.632629 -69.027046
v -26.195185 749.682495 4.660934
v -26.946198 757.580078 7.308235
v -23.044907 754.115784 6.974968
v -22.031513 784.471924 -3.886337
v -19.958866 775.798523 1.836281
v -25.483852 777.707397 -0.435486
v -116.806396 829.459534 -53.272186
v -135.316940 831.169006 -46.519753
v -124.227997 819.374084 -54.337078
v -131.396881 811.491821 -51.144901
v -119.728386 808.710449 -58.438793
v -126.167458 803.706909 -56.856430
v -112.250069 798.308655 -63.182976
v -113.777672 809.064331 -60.085346
v -115.771065 820.869690 -56.431591
v -109.826149 782.441162 -68.229012
v -11.372087 692.493408 -13.521706
v -7.390183 693.432800 -13.831551
v -23.447311 691.366455 -13.670601
v -27.541929 691.523376 -13.879387
vn -0.6105 -0.2544 0.7501
vn -0.3062 0.0087 0.9519
vn -0.2711 0.1213 0.9549
vn -0.6008 -0.1131 0.7913
vn 0.3001 0.0714 0.9512
vn 0.6315 0.0087 0.7754
vn 0.2147 -0.2225 0.9510
vn -0.7022 -0.4313 0.5664
vn -0.7882 -0.4444 0.4257
vn -0.7846 -0.2839 0.5511
vn -0.5390 -0.2060 0.8167
vn -0.4141 -0.1053 0.9041
vn -0.5452 -0.1825 0.8182
vn 0.4329 -0.0174 0.9013
vn 0.5832 -0.0939 0.8069
vn 0.8126 -0.1283 0.5686
vn 0.5843 -0.0794 0.8077
vn 0.8472 -0.2750 0.4545
vn 0.7679 -0.2785 0.5769
vn 0.6475 -0.1348 0.7501
vn 0.1642 -0.9852 -0.0502
vn 0.8011 -0.2239 0.5550
vn -0.7445 -0.3709 0.5550
vn 0.0245 -0.9984 -0.0502
vn -0.2555 -0.9645 0.0673
vn -0.4533 -0.8770 -0.1596
vn -0.7005 -0.5827 0.4121
vn -0.3253 -0.8137 -0.4818
vn -0.2433 -0.8004 -0.5478
vn 0.0844 -0.8878 -0.4524
vn 0.4327 -0.8990 0.0673
vn -0.5146 -0.8570 0.0261
vn 0.4728 -0.7378 -0.4818
vn 0.0930 -0.9776 -0.1888
vn 0.0173 -0.1815 0.9832
vn -0.0095 0.0995 -0.9950
vn 0.6104 -0.7758 -0.1596
vn 0.0924 -0.9716 -0.2179
vn 0.2326 0.6432 0.7295
vn -0.4780 0.5742 0.6647
vn 0.5863 0.3056 0.7503
vn 0.8346 -0.3858 0.3932
vn 0.6426 0.2847 0.7113
vn 0.3612 0.6540 0.6647
vn 0.7995 -0.4067 0.4421
vn 0.3036 -0.5106 0.8045
vn 0.2099 -0.5017 0.8392
vn -0.2968 -0.9417 0.1585
vn -0.4136 -0.6146 0.6718
vn -0.6072 -0.4401 0.6616
vn -0.3035 -0.8743 0.3787
vn -0.2804 -0.9255 0.2545
vn 0.5220 -0.5256 0.6718
vn 0.6996 -0.2833 0.6559
vn 0.4690 -0.8689 0.1585
vn -0.7192 -0.5767 0.3875
vn -0.1426 -0.4297 0.8917
vn -0.6665 0.1699 0.7259
vn 0.3898 -0.7402 -0.5478
vn -0.6334 0.1896 0.7503
vn -0.1116 -0.5323 0.8392
vn 0.4629 -0.8015 0.3787
vn 0.4499 -0.8561 0.2545
vn 0.6670 -0.7446 0.0261
vn 0.1703 -0.2981 0.9392
vn -0.8819 0.0120 0.4712
vn -0.8037 -0.0349 0.5941
vn -0.8327 0.3511 0.4283
vn -0.8545 0.3868 0.3467
vn -0.9107 0.0997 0.4009
vn -0.8865 -0.0097 0.4625
vn 0.3521 0.1839 -0.9177
vn -0.7546 -0.0811 -0.6511
vn -0.7118 0.2472 -0.6574
vn -0.8007 0.0220 -0.5986
vn 0.2926 0.2942 -0.9099
vn 0.2982 0.5265 -0.7962
vn 0.6369 -0.4339 0.6373
vn -0.7197 0.6711 0.1778
vn 0.3945 0.2329 -0.8889
vn 0.7328 0.4874 0.4748
vn -0.0940 0.9880 0.1225
vn 0.5613 0.2598 0.7858
vn -0.3632 0.2751 0.8902
vn 0.9783 0.2051 0.0282
vn -0.8647 -0.0919 0.4938
vn 0.8659 0.1460 0.4784
vn 0.8385 0.0509 0.5425
vn 0.9739 -0.1278 -0.1873
vn 0.5691 0.4507 0.6878
vn 0.8767 0.2085 0.4336
vn 0.7912 0.0800 0.6063
vn 0.2709 0.4568 0.8473
vn 0.2864 0.5103 0.8109
vn 0.2929 0.3150 0.9027
vn -0.4879 0.2723 0.8293
vn -0.9199 0.1203 0.3733
vn -0.7907 0.3948 0.4679
vn -0.3995 0.5690 0.7187
vn -0.8596 -0.3503 0.3720
vn -0.9015 0.4091 -0.1413
vn 0.7902 0.5808 0.1953
vn -0.9816 -0.1422 -0.1271
vn -0.3778 0.4466 0.8111
vn -0.3688 0.4576 0.8091
vn -0.7733 0.0105 0.6340
vn -0.0778 0.8186 0.5691
vn 0.9789 -0.1915 -0.0715
vn 0.8884 -0.4588 0.0170
vn -0.3946 -0.1144 0.9117
vn 0.4523 0.3851 -0.8044
vn 0.7822 0.1725 -0.5986
vn -0.6952 -0.4200 -0.5834
vn -0.5168 0.2930 -0.8044
vn 0.7361 -0.0014 -0.6769
vn -0.3804 0.1142 -0.9177
vn -0.3428 0.2338 -0.9099
vn -0.3921 0.4608 -0.7962
vn -0.0656 0.6894 -0.7214
vn -0.7041 0.4798 -0.5235
vn 0.5718 0.8010 0.1776
vn -0.4338 0.1409 -0.8899
vn -0.5323 -0.5412 0.6510
vn -0.6550 -0.7073 0.2660
vn 0.6525 0.3769 -0.6574
vn 0.8641 0.1504 0.4802
vn 0.7621 0.2547 0.5953
vn 0.7561 0.5385 0.3719
vn 0.5829 0.6018 -0.5460
vn 0.7766 -0.5711 0.2660
vn 0.7619 -0.2814 -0.5834
vn 0.6945 0.1664 -0.7000
vn 0.7503 0.0738 -0.6569
vn -0.7134 0.0325 -0.7000
vn -0.6494 -0.0446 -0.7592
vn 0.6663 -0.1335 0.7336
vn -0.7088 -0.1443 0.6905
vn -0.7508 -0.0689 -0.6569
vn 0.6461 0.0786 -0.7592
vn -0.6292 -0.2567 0.7336
vn -0.7529 -0.2475 0.6097
vn 0.7233 -0.0082 0.6905
vn 0.7861 -0.1012 0.6097
vn -0.7863 0.6101 0.0973
vn -0.0937 0.9855 0.1412
vn -0.0549 0.5768 0.8150
vn 0.6572 0.7474 0.0973
vn -0.0757 0.7963 -0.6001
vn 0.9985 0.0536 -0.0059
vn 0.0937 -0.9855 -0.1412
vn -0.9907 -0.1356 -0.0059
vn 0.1076 -0.1310 0.9855
vn 0.0560 0.1469 -0.9876
vn -0.1665 -0.2589 0.9515
vn 0.2465 0.1703 0.9540
vn -0.3497 0.5879 0.7295
vn -0.2019 -0.5587 0.8044
vn -0.3859 -0.2349 0.8921
vn -0.2120 -0.3470 0.9136
vn -0.1535 -0.2874 0.9454
vn -0.2150 -0.3269 0.9203
vn -0.2770 -0.2576 0.9257
vn -0.2166 -0.2947 0.9307
vn 0.2035 -0.3726 0.9054
vn 0.3849 0.3002 -0.8728
vn 0.5261 0.5284 0.6663
vn -0.9025 0.0573 -0.4269
vn 0.7667 -0.6239 0.1515
vn 0.9470 0.0145 -0.3210
vn -0.8275 0.5245 0.2003
vn -0.4681 -0.6719 0.5739
vn -0.5067 0.1148 -0.8544
vn -0.2994 0.3154 -0.9005
vn -0.2791 0.3017 -0.9116
vn -0.2721 0.2423 -0.9313
vn -0.3544 0.1650 -0.9204
vn -0.2722 0.2304 -0.9342
vn -0.1146 -0.3149 0.9422
vn -0.4369 0.2109 -0.8745
vn -0.0399 -0.1565 -0.9869
vn -0.0447 0.1486 0.9879
vn 0.9903 -0.1352 -0.0326
vn -0.0308 -0.9897 -0.1402
vn -0.2170 0.9661 0.1401
vn 0.9469 0.3198 0.0326
vn -0.8157 -0.5741 -0.0705
vn -0.9089 0.4109 0.0706
vn 0.9715 0.0867 -0.2204
vn -0.4731 -0.5800 0.6632
vn -0.9089 0.3937 -0.1375
vn 0.6633 0.7321 0.1553
vn -0.9861 -0.0396 -0.1615
vn 0.8049 -0.5921 0.0386
vn -0.1528 -0.2961 0.9429
vn -0.2734 0.2426 -0.9308
vt 0.133428 0.044074
vt 0.146194 0.062922
vt 0.132804 0.070042
vt 0.110236 0.113268
vt 0.112248 0.097915
vt 0.132210 0.105129
vt 0.133152 0.112888
vt 0.090643 0.081003
vt 0.152238 0.099149
vt 0.159321 0.114164
vt 0.178722 0.080863
vt 0.135229 0.129985
vt 0.067740 0.052462
vt 0.054995 0.086112
vt 0.038678 0.060238
vt 0.079381 0.097943
vt 0.092073 0.139031
vt 0.129869 0.134988
vt 0.172905 0.141110
vt 0.185275 0.100311
vt 0.209944 0.088763
vt 0.198470 0.056298
vt 0.226878 0.063732
vt 0.121211 0.062850
vt 0.149564 0.085525
vt 0.134194 0.085278
vt 0.118370 0.086256
vt 0.055452 0.038766
vt 0.106600 0.008020
vt 0.109017 0.034017
vt 0.093880 0.051864
vt 0.320934 0.218650
vt 0.274813 0.193190
vt 0.311983 0.177570
vt 0.350393 0.175622
vt 0.378473 0.219658
vt 0.164759 0.012967
vt 0.211396 0.042922
vt 0.388787 0.178812
vt 0.425599 0.195703
vt 0.158668 0.036274
vt 0.006954 0.310282
vt 0.016922 0.335662
vt 0.006954 0.358048
vt 0.030098 0.347573
vt 0.043344 0.335563
vt 0.052205 0.358012
vt 0.136928 0.094681
vt 0.133444 0.094557
vt 0.129960 0.094432
vt 0.164906 0.064295
vt 0.172596 0.054476
vt 0.101007 0.062329
vt 0.027951 0.121629
vt 0.048369 0.162091
vt 0.021361 0.179917
vt 0.251206 0.238206
vt 0.216951 0.163105
vt 0.243959 0.180457
vt 0.066150 0.130696
vt 0.035967 0.089331
vt 0.095258 0.171686
vt 0.350843 0.146938
vt 0.394997 0.130126
vt 0.257446 0.153296
vt 0.265749 0.126131
vt 0.307253 0.128760
vt 0.260018 0.176551
vt 0.351250 0.119727
vt 0.381313 0.076457
vt 0.170544 0.173188
vt 0.387221 0.008162
vt 0.480544 0.024177
vt 0.458688 0.076397
vt 0.436831 0.128617
vt 0.198593 0.132485
vt 0.315872 0.008162
vt 0.574992 0.071736
vt 0.575031 0.043033
vt 0.579480 0.053786
vt 0.131395 0.146535
vt 0.595519 0.075611
vt 0.229052 0.091537
vt 0.574019 0.010710
vt 0.601382 0.021889
vt 0.579640 0.033461
vt 0.236713 0.122708
vt 0.135008 0.159696
vt 0.137301 0.144155
vt 0.628073 0.464352
vt 0.620119 0.468688
vt 0.604446 0.466977
vt 0.667233 0.463963
vt 0.637344 0.481360
vt 0.127849 0.152836
vt 0.043894 0.018571
vt 0.024861 0.048120
vt 0.027717 0.009754
vt 0.006988 0.016955
vt 0.596873 0.047655
vt 0.614054 0.481756
vt 0.322366 0.074987
vt 0.574019 0.113773
vt 0.594569 0.052441
vt 0.444370 0.156175
vt 0.224499 0.023116
vt 0.245124 0.074624
vt 0.014771 0.238206
vt 0.441019 0.179467
vt 0.043411 0.299246
vt 0.043439 0.241680
vt 0.079403 0.270482
vt 0.076031 0.216009
vt 0.102957 0.184256
vt 0.162054 0.184256
vt 0.132505 0.222282
vt 0.188980 0.216011
vt 0.102866 0.356747
vt 0.075976 0.324946
vt 0.132520 0.318730
vt 0.221599 0.241681
vt 0.221821 0.300880
vt 0.185606 0.270556
vt 0.189964 0.326037
vt 0.163664 0.357011
vt 0.030098 0.322410
vt 0.053499 0.312138
vt 0.241781 0.203044
vt 0.244221 0.208807
vt 0.246377 0.203044
vt 0.241542 0.207843
vt 0.245100 0.211598
vt 0.245100 0.206511
vt 0.513374 0.063184
vt 0.542325 0.046769
vt 0.550835 0.078166
vt 0.515195 0.005985
vt 0.565024 0.022445
vt 0.565407 0.046543
vt 0.566956 0.077440
vt 0.530344 0.084754
vt 0.566631 0.105241
vt 0.614106 0.061849
vt 0.621890 0.482611
vt 0.623662 0.496534
vt 0.596793 0.057818
vt 0.598571 0.010513
vt 0.623123 0.010317
vt 0.014496 0.051721
vt 0.022005 0.086486
vt 0.032949 0.052529
s 0
usemtl caith_sith
f 566/625/888 567/626/888 568/627/888
f 569/628/889 570/629/889 571/630/889
f 571/630/890 660/631/890 569/628/890
f 573/632/891 570/629/891 569/628/891
f 571/630/892 574/633/892 575/634/892
f 575/634/893 574/633/893 576/635/893
f 575/634/894 572/636/894 660/631/894
f 577/637/895 578/638/895 579/639/895
f 573/632/896 578/638/896 577/637/896
f 578/638/897 573/632/897 580/640/897
f 581/641/898 580/640/898 569/628/898
f 569/628/899 582/642/899 581/641/899
f 569/628/900 580/640/900 573/632/900
f 583/643/901 572/636/901 575/634/901
f 584/644/902 583/643/902 575/634/902
f 585/645/903 584/644/903 576/635/903
f 584/644/904 575/634/904 576/635/904
f 586/646/905 585/645/905 576/635/905
f 587/647/906 585/645/906 586/646/906
f 568/627/907 588/648/907 566/625/907
f 568/627/908 589/649/908 590/650/908
f 568/627/909 591/651/909 588/648/909
f 567/626/910 589/649/910 568/627/910
f 590/650/911 591/651/911 568/627/911
f 577/637/912 592/652/912 593/653/912
f 577/637/913 593/653/913 594/654/913
f 577/637/914 595/655/914 573/632/914
f 593/656/915 592/657/915 596/658/915
f 593/656/916 596/658/916 597/659/916
f 593/656/917 597/659/917 598/660/917
f 598/661/918 599/662/918 586/646/918
f 594/654/919 595/655/919 577/637/919
f 600/663/920 599/664/920 598/660/920
f 594/654/921 593/653/921 601/665/921
f 602/666/922 603/667/922 604/668/922
f 605/669/923 606/670/923 607/671/923
f 601/665/924 598/661/924 586/646/924
f 601/665/925 566/625/925 594/654/925
f 601/665/921 593/653/921 598/661/921
f 608/672/926 571/630/926 661/673/926
f 609/674/927 571/630/927 570/629/927
f 589/649/928 574/633/928 608/672/928
f 576/635/929 610/675/929 611/676/929
f 589/649/930 576/635/930 574/633/930
f 574/633/931 571/630/931 608/672/931
f 576/635/932 611/676/932 586/646/932
f 608/672/933 661/673/933 590/650/933
f 590/650/934 589/649/934 608/672/934
f 612/677/935 566/625/935 588/648/935
f 591/651/936 612/677/936 588/648/936
f 591/651/937 573/632/937 612/677/937
f 566/625/938 595/655/938 594/654/938
f 566/625/939 612/677/939 595/655/939
f 610/675/940 589/649/940 567/626/940
f 610/675/941 576/635/941 589/649/941
f 567/626/942 566/625/942 610/675/942
f 595/655/943 612/677/943 573/632/943
f 613/678/944 614/679/944 686/680/944
f 570/629/945 573/632/945 591/651/945
f 597/659/946 600/663/946 598/660/946
f 609/674/947 570/629/947 591/651/947
f 609/674/948 591/651/948 590/650/948
f 611/676/949 566/625/949 601/665/949
f 611/676/950 610/675/950 566/625/950
f 611/676/951 601/665/951 586/646/951
f 616/681/952 617/682/952 670/683/952
f 619/684/953 620/685/953 578/638/953
f 619/684/954 578/638/954 580/640/954
f 619/684/955 581/641/955 621/686/955
f 619/684/956 621/686/956 613/678/956
f 619/684/957 613/678/957 620/685/957
f 578/638/958 620/685/958 579/639/958
f 622/687/959 623/688/959 600/663/959
f 620/689/960 613/690/960 624/691/960
f 620/689/961 596/658/961 579/692/961
f 620/689/962 624/691/962 596/658/962
f 622/687/963 625/693/963 623/688/963
f 626/694/964 623/688/964 625/693/964
f 627/695/965 617/682/965 616/681/965
f 627/696/966 616/697/966 626/694/966
f 626/694/967 670/698/967 618/699/967
f 627/695/968 583/643/968 628/700/968
f 627/696/969 626/694/969 621/701/969
f 572/702/970 629/703/970 630/704/970
f 581/641/971 582/642/971 631/705/971
f 572/702/972 630/704/972 633/706/972
f 580/640/973 581/641/973 619/684/973
f 585/645/974 634/707/974 628/700/974
f 628/700/975 583/643/975 584/644/975
f 635/708/976 675/709/976 631/710/976
f 635/708/977 631/710/977 629/703/977
f 634/707/978 618/711/978 628/700/978
f 584/644/979 585/645/979 628/700/979
f 583/643/980 635/712/980 629/713/980
f 583/643/981 627/695/981 635/712/981
f 583/643/982 629/713/982 572/636/982
f 582/714/983 630/715/983 631/716/983
f 582/714/984 632/717/984 633/718/984
f 582/714/985 633/718/985 630/715/985
f 631/705/986 637/719/986 581/641/986
f 631/720/987 676/721/987 637/722/987
f 676/721/988 635/723/988 637/722/988
f 672/724/989 629/703/989 631/710/989
f 630/715/990 672/725/990 631/716/990
f 637/719/991 635/712/991 621/686/991
f 621/686/992 581/641/992 637/719/992
f 621/686/993 614/679/993 613/678/993
f 621/686/994 635/712/994 627/695/994
f 621/701/969 626/694/969 639/726/969
f 633/706/995 632/727/995 572/702/995
f 673/728/996 630/704/996 629/703/996
f 569/628/997 572/636/997 582/642/997
f 600/663/998 597/659/998 622/687/998
f 600/663/999 623/688/999 634/729/999
f 579/692/1000 596/658/1000 592/657/1000
f 597/659/1001 596/658/1001 622/687/1001
f 623/688/1002 618/699/1002 634/729/1002
f 596/658/1003 624/691/1003 622/687/1003
f 624/691/1004 625/693/1004 622/687/1004
f 625/693/1005 624/691/1005 639/726/1005
f 625/693/1006 639/726/1006 626/694/1006
f 639/726/1007 624/691/1007 613/690/1007
f 639/726/1008 615/730/1008 621/701/1008
f 613/690/1009 686/731/1009 639/726/1009
f 615/732/1010 614/679/1010 621/686/1010
f 579/639/1011 592/652/1011 577/637/1011
f 587/733/1012 600/663/1012 634/729/1012
f 587/647/1013 634/707/1013 585/645/1013
f 618/711/1014 617/682/1014 627/695/1014
f 618/711/1015 627/695/1015 628/700/1015
f 618/699/1016 623/688/1016 626/694/1016
f 586/646/1017 599/662/1017 587/647/1017
f 599/664/1018 600/663/1018 587/733/1018
f 640/734/1019 641/735/1019 642/736/1019
f 641/735/1020 643/737/1020 642/736/1020
f 641/738/1021 644/739/1021 645/740/1021
f 644/739/1022 646/741/1022 645/740/1022
f 640/742/1023 647/743/1023 648/744/1023
f 644/745/1024 649/746/1024 650/747/1024
f 641/738/1025 645/740/1025 643/737/1025
f 640/734/1026 642/736/1026 647/743/1026
f 650/747/1027 646/741/1027 644/745/1027
f 649/746/1028 651/748/1028 650/747/1028
f 649/749/1029 640/742/1029 648/744/1029
f 649/749/1030 648/744/1030 651/748/1030
f 648/744/1031 647/743/1031 642/736/1031
f 648/744/1032 642/736/1032 650/747/1032
f 642/736/1033 643/737/1033 645/740/1033
f 645/740/1034 646/741/1034 650/747/1034
f 650/747/1035 651/748/1035 648/744/1035
f 650/747/1032 642/736/1032 645/740/1032
f 603/667/1036 605/669/1036 604/668/1036
f 604/668/1036 605/669/1036 607/671/1036
f 652/750/922 603/667/922 602/666/922
f 606/670/1037 605/669/1037 652/750/1037
f 652/750/1037 605/669/1037 603/667/1037
f 607/671/923 606/670/923 653/751/923
f 606/670/1038 652/750/1038 653/751/1038
f 653/751/1038 652/750/1038 602/666/1038
f 654/752/1039 656/753/1039 655/754/1039
f 657/755/1040 659/756/1040 658/757/1040
f 569/628/1041 660/631/1041 572/636/1041
f 660/631/1042 571/630/1042 575/634/1042
f 661/673/1043 571/630/1043 609/674/1043
f 590/650/1044 661/673/1044 609/674/1044
f 664/758/1045 663/759/1045 665/760/1045
f 662/761/1046 616/762/1046 663/759/1046
f 663/759/1047 616/762/1047 669/763/1047
f 665/760/1048 669/763/1048 668/764/1048
f 666/765/1049 665/760/1049 667/766/1049
f 668/764/1050 667/766/1050 665/760/1050
f 670/683/1051 617/682/1051 618/711/1051
f 670/698/1052 626/694/1052 616/697/1052
f 673/728/1053 672/724/1053 638/767/1053
f 672/725/1054 671/768/1054 638/769/1054
f 671/770/1055 673/728/1055 638/767/1055
f 675/709/1056 674/771/1056 636/772/1056
f 674/773/1057 676/721/1057 636/774/1057
f 676/721/1058 675/775/1058 636/774/1058
f 680/758/1059 679/759/1059 681/760/1059
f 678/761/1060 677/762/1060 679/759/1060
f 679/759/1061 677/762/1061 685/763/1061
f 681/760/1062 685/763/1062 684/764/1062
f 682/765/1063 681/760/1063 683/766/1063
f 684/764/1064 683/766/1064 681/760/1064
f 686/680/1065 614/679/1065 615/732/1065
f 639/726/1066 686/731/1066 615/730/1066
f 687/752/1067 688/754/1067 656/753/1067
f 689/755/1068 690/757/1068 659/756/1068
f 655/754/1069 656/753/1069 688/754/1069
f 658/757/1070 689/755/1070 657/755/1070
f 655/754/1071 687/752/1071 654/752/1071
f 658/757/1072 659/756/1072 690/757/1072
f 656/753/1073 654/752/1073 687/752/1073
f 659/756/1074 657/755/1074 689/755/1074
f 635/708/1075 674/771/1075 675/709/1075
f 631/720/1076 675/775/1076 676/721/1076
f 676/721/1077 674/773/1077 635/723/1077
f 672/724/1078 673/728/1078 629/703/1078
f 630/715/1079 671/768/1079 672/725/1079
f 673/728/1080 671/770/1080 630/704/1080
f 665/760/1081 663/759/1081 669/763/1081
f 681/760/1082 679/759/1082 685/763/1082
f 658/757/1070 690/757/1070 689/755/1070
f 655/754/1071 688/754/1071 687/752/1071
o rybd
v 44.577942 628.478638 -109.042931
v 35.327702 627.860657 -100.750824
v 18.273737 646.698242 -122.517601
v -3.620689 661.495789 -100.750824
v 2.858232 634.054016 -100.750824
v 21.110600 645.958557 -78.984047
v 26.194477 674.172729 -99.714310
v 44.577942 628.478638 -92.458717
v 49.633739 636.249573 -100.750824
v 45.252037 660.114807 -99.714310
v 76.373322 590.649048 -100.750824
v 69.220299 586.454651 -92.458717
v 62.067280 582.260193 -100.750824
v 69.220299 586.454651 -109.042931
vn -0.3442 -0.8264 -0.4456
vn -0.7085 -0.1673 0.6856
vn -0.7516 -0.1774 -0.6353
vn -0.2561 0.6600 -0.7063
vn -0.1533 -0.8035 -0.5753
vn -0.3509 -0.8198 0.4525
vn -0.1539 -0.8069 0.5703
vn 0.7938 0.1198 0.5963
vn 0.7643 0.1674 -0.6228
vn 0.5828 0.1698 0.7947
vn 0.5623 0.2228 -0.7963
vn 0.3725 0.5050 0.7786
vn 0.6100 0.3577 -0.7071
vn 0.6100 0.3577 0.7071
vn 0.5058 -0.8626 -0.0000
vn 0.3846 0.5214 -0.7618
vn -0.2814 0.6006 0.7484
vn -0.6100 -0.3577 0.7071
vn -0.6100 -0.3577 -0.7071
vt 0.237445 0.413531
vt 0.258760 0.402400
vt 0.278156 0.443661
vt 0.230674 0.530432
vt 0.187533 0.509195
vt 0.219764 0.482821
vt 0.310636 0.421545
vt 0.315358 0.468840
vt 0.265707 0.488977
vt 0.186841 0.453583
vt 0.203000 0.438270
vt 0.227258 0.433738
vt 0.246310 0.461158
vt 0.174849 0.361159
vt 0.167685 0.377539
vt 0.198152 0.340292
vt 0.193324 0.358523
vt 0.149107 0.377214
s 0
usemtl caith_sith
f 691/776/1083 692/777/1083 693/778/1083
f 694/779/1084 695/780/1084 696/781/1084
f 693/778/1085 695/782/1085 694/783/1085
f 693/778/1086 694/783/1086 697/784/1086
f 692/777/1087 695/782/1087 693/778/1087
f 696/781/1088 692/785/1088 698/786/1088
f 696/781/1089 695/780/1089 692/785/1089
f 698/786/1090 699/787/1090 700/788/1090
f 700/788/1091 699/787/1091 691/776/1091
f 700/788/1092 696/781/1092 698/786/1092
f 700/788/1093 691/776/1093 693/778/1093
f 700/788/1094 697/784/1094 696/781/1094
f 701/789/1095 691/776/1095 699/787/1095
f 701/789/1096 699/787/1096 702/790/1096
f 701/789/1097 703/791/1097 704/792/1097
f 697/784/1098 700/788/1098 693/778/1098
f 697/784/1099 694/779/1099 696/781/1099
f 702/790/1100 698/786/1100 703/793/1100
f 702/790/1096 699/787/1096 698/786/1096
f 702/790/1097 703/793/1097 701/789/1097
f 703/793/1100 698/786/1100 692/785/1100
f 703/791/1101 692/777/1101 704/792/1101
f 704/792/1095 691/776/1095 701/789/1095
f 704/792/1101 692/777/1101 691/776/1101
o rybe
v 62.769348 598.219788 -98.567101
v 87.753448 566.359741 -46.481003
v 102.953613 571.139099 -54.004486
v 69.922363 593.469666 -106.553879
v 55.616329 588.971497 -99.472946
v 102.953613 556.265686 -63.452904
v 87.753448 551.486328 -55.929417
v 62.769348 584.221375 -107.459724
v 93.954376 548.101929 -64.063705
v 83.493591 549.742126 -55.754627
v 80.909988 560.005920 -47.439655
v 88.149078 571.164429 -45.380135
v 99.759666 574.815125 -51.126923
v 106.998749 568.208923 -60.352570
v 104.415154 556.320435 -66.109978
v 98.001259 541.966492 -59.785126
v 85.594994 543.911682 -49.930740
v 82.530899 556.084351 -40.069359
v 91.116302 569.318115 -37.626816
v 104.886215 573.647766 -44.442379
v 113.471611 565.812927 -55.383801
v 110.407524 551.713440 -62.211967
v 102.704391 539.999268 -51.532768
v 92.162605 541.652161 -43.159355
v 89.559006 551.995422 -34.779999
v 96.854141 563.240356 -32.704529
v 108.554642 566.919312 -38.495811
v 115.849777 560.261963 -47.792900
v 113.246178 548.281433 -53.594894
v 93.278503 561.812134 -56.719685
v 103.360641 552.592773 -42.206810
vn -0.0080 0.8513 0.5246
vn -0.5058 0.4626 -0.7281
vn 0.5560 0.8311 0.0037
vn 0.8626 0.2712 -0.4270
vn -0.6626 0.4541 0.5956
vn -0.8705 -0.2639 0.4154
vn -0.6577 -0.7382 -0.1500
vn -0.0000 -0.8441 -0.5362
vn 0.5623 -0.3621 -0.7435
vn 0.1997 -0.4685 -0.8606
vn 0.4852 0.8451 -0.2245
vn -0.7977 0.4418 0.4105
vn -0.5123 -0.6923 -0.5082
vn 0.6436 0.2158 -0.7343
vn -0.1563 0.9457 0.2850
vn -0.9561 -0.2872 0.0575
vn 0.4924 -0.7406 -0.4572
vn 0.7824 0.5935 0.1889
vn -0.5206 0.1838 0.8338
vn -0.2306 -0.9680 -0.0993
vn 0.9432 -0.0457 -0.3289
vn 0.1309 0.6956 0.7064
vn -0.6815 -0.5565 0.4752
vn -0.4679 0.3993 -0.7884
vn -0.4393 0.5307 -0.7248
vn -0.5677 0.4904 -0.6612
vn -0.5392 0.3769 -0.7532
vn -0.4235 0.4677 -0.7758
vn -0.5035 0.5408 -0.6738
vn -0.5836 0.4174 -0.6966
vn 0.5809 -0.4536 0.6759
vn 0.5037 -0.3832 0.7743
vn 0.4266 -0.5021 0.7523
vn 0.5380 -0.5196 0.6637
vn 0.5656 -0.3929 0.7251
vn 0.4418 -0.4318 0.7864
vn 0.4694 -0.5412 0.6977
vn 0.1997 -0.4684 -0.8606
vt 0.221369 0.773658
vt 0.221369 0.625866
vt 0.250212 0.625866
vt 0.250212 0.788453
vt 0.189694 0.788453
vt 0.280034 0.625866
vt 0.189694 0.625866
vt 0.310089 0.788453
vt 0.280034 0.773986
vt 0.310801 0.625866
vt 0.049190 0.401600
vt 0.047520 0.418513
vt 0.042572 0.408792
vt 0.039209 0.387090
vt 0.055896 0.385170
vt 0.047693 0.391942
vt 0.027284 0.400049
vt 0.021525 0.384423
vt 0.030126 0.390698
vt 0.032823 0.408102
vt 0.028445 0.418098
vt 0.059737 0.403858
vt 0.038891 0.376520
vt 0.016877 0.402927
vt 0.053241 0.429111
vt 0.065152 0.376924
vt 0.005013 0.405886
vt 0.011623 0.376924
vt 0.023534 0.429111
vt 0.071763 0.405886
vt 0.038388 0.364035
vt 0.038388 0.398268
vt 0.139112 0.394927
vt 0.126999 0.420079
vt 0.106941 0.394927
vt 0.099783 0.426291
vt 0.077957 0.408886
vt 0.077957 0.380969
vt 0.099783 0.363564
vt 0.126999 0.369776
s 0
usemtl caith_sith
f 705/794/1102 706/795/1102 707/796/1102
f 705/794/1103 708/797/1103 709/798/1103
f 707/796/1104 708/797/1104 705/794/1104
f 707/796/1105 710/799/1105 708/797/1105
f 706/795/1106 705/794/1106 709/798/1106
f 709/798/1107 711/800/1107 706/795/1107
f 709/801/1103 708/797/1103 712/802/1103
f 711/803/1108 709/801/1108 712/802/1108
f 712/802/1109 710/799/1109 711/803/1109
f 710/799/1110 712/802/1110 708/797/1110
f 719/804/1111 720/805/1111 713/806/1111
f 717/807/1112 725/808/1112 718/809/1112
f 715/810/1113 723/811/1113 716/812/1113
f 714/813/1114 720/805/1114 721/814/1114
f 719/804/1115 725/808/1115 726/815/1115
f 716/812/1116 724/816/1116 717/807/1116
f 714/813/1117 722/817/1117 715/810/1117
f 726/815/1118 727/818/1118 720/805/1118
f 724/816/1119 732/819/1119 725/808/1119
f 723/811/1120 729/820/1120 730/821/1120
f 720/805/1121 728/822/1121 721/814/1121
f 726/815/1122 732/819/1122 733/823/1122
f 723/811/1123 731/824/1123 724/816/1123
f 721/814/1124 729/820/1124 722/817/1124
f 719/804/1125 713/806/1125 734/825/1125
f 717/807/1126 718/809/1126 734/825/1126
f 715/810/1127 716/812/1127 734/825/1127
f 713/806/1128 714/813/1128 734/825/1128
f 718/809/1129 719/804/1129 734/825/1129
f 716/812/1130 717/807/1130 734/825/1130
f 714/813/1131 715/810/1131 734/825/1131
f 733/826/1132 732/827/1132 735/828/1132
f 731/829/1133 730/830/1133 735/828/1133
f 729/831/1134 728/832/1134 735/828/1134
f 727/833/1135 733/826/1135 735/828/1135
f 732/827/1136 731/829/1136 735/828/1136
f 730/830/1137 729/831/1137 735/828/1137
f 728/832/1138 727/833/1138 735/828/1138
f 719/804/1139 726/815/1139 720/805/1139
f 717/807/1112 724/816/1112 725/808/1112
f 715/810/1113 722/817/1113 723/811/1113
f 714/813/1114 713/806/1114 720/805/1114
f 719/804/1115 718/809/1115 725/808/1115
f 716/812/1116 723/811/1116 724/816/1116
f 714/813/1117 721/814/1117 722/817/1117
f 726/815/1118 733/823/1118 727/818/1118
f 724/816/1119 731/824/1119 732/819/1119
f 723/811/1120 722/817/1120 729/820/1120
f 720/805/1121 727/818/1121 728/822/1121
f 726/815/1122 725/808/1122 732/819/1122
f 723/811/1123 730/821/1123 731/824/1123
f 721/814/1124 728/822/1124 729/820/1124
o rybf
v 109.257797 543.612549 -47.883678
v 119.622925 521.689453 -24.971275
v 84.667656 531.621582 -36.740055
v 119.622925 555.810730 -3.295494
v 85.417992 543.612549 -47.883678
v 73.909439 563.407898 -21.053759
v 75.052856 555.810730 -3.295494
v 80.246338 566.613708 -4.187286
v 84.322945 549.556091 -24.626076
v 83.506035 565.472168 -33.968452
v 97.856148 515.740662 -7.874741
v 75.052856 521.689453 -24.971275
v 97.856148 544.612488 10.466301
v 109.257797 566.360107 -33.433159
v 94.659798 562.194519 -11.050270
v 84.034233 575.545349 -18.351810
vn 0.0321 -0.7149 -0.6985
vn 0.9487 0.1696 -0.2669
vn -0.0000 -0.6808 -0.7325
vn -0.8664 0.4365 0.2425
vn -0.7113 -0.3826 -0.5897
vn -0.9990 -0.0364 0.0254
vn -0.9951 -0.0263 -0.0953
vn -0.0000 -0.9445 -0.3286
vn -0.6114 -0.4243 0.6679
vn 0.6292 -0.4168 0.6561
vn -0.0000 -0.7642 -0.6450
vn -0.8462 0.2870 -0.4490
vn -0.0000 0.5362 -0.8441
vn 0.4742 0.6819 0.5568
vn 0.1560 0.9478 0.2781
vn 0.5391 0.6918 0.4804
vn 0.3978 -0.1161 0.9101
vn -0.0018 0.7742 0.6329
vn -0.7748 0.6072 0.1757
vn -0.6625 0.6395 -0.3901
vn -0.8451 0.2867 -0.4513
vn -0.0010 0.5369 -0.8436
vn -0.8078 -0.5590 -0.1871
vn -0.0177 0.8405 -0.5415
vn 0.0015 0.7745 0.6326
vt 0.321509 0.469636
vt 0.338757 0.422511
vt 0.361626 0.466078
vt 0.326642 0.621981
vt 0.287635 0.572710
vt 0.337769 0.559211
vt 0.343354 0.481574
vt 0.368008 0.520076
vt 0.390813 0.522340
vt 0.389293 0.538207
vt 0.366897 0.495219
vt 0.345174 0.511738
vt 0.380442 0.422577
vt 0.389148 0.464553
vt 0.308440 0.524110
vt 0.244005 0.541529
vt 0.278572 0.494660
vt 0.280045 0.552297
vt 0.313346 0.512717
vt 0.258007 0.572731
vt 0.222785 0.578772
vt 0.230072 0.550555
vt 0.278555 0.613481
vt 0.362391 0.542558
s 0
usemtl caith_sith
f 736/834/1140 737/835/1140 738/836/1140
f 736/837/1141 739/838/1141 737/839/1141
f 738/836/1142 740/840/1142 736/834/1142
f 741/841/1143 742/842/1143 743/843/1143
f 744/844/1144 741/841/1144 745/845/1144
f 744/844/1145 745/845/1145 738/836/1145
f 738/836/1146 745/845/1146 740/840/1146
f 737/835/1147 746/846/1147 747/847/1147
f 746/848/1148 742/849/1148 747/850/1148
f 737/839/1149 748/851/1149 746/848/1149
f 747/847/1150 738/836/1150 737/835/1150
f 747/847/1151 744/844/1151 738/836/1151
f 740/840/1152 749/852/1152 736/834/1152
f 750/853/1153 751/854/1153 743/855/1153
f 750/853/1154 739/838/1154 749/856/1154
f 750/853/1155 749/856/1155 751/854/1155
f 750/853/1156 743/855/1156 742/849/1156
f 750/853/1157 742/849/1157 748/851/1157
f 743/843/1158 751/857/1158 741/841/1158
f 751/857/1159 745/845/1159 741/841/1159
f 742/842/1160 744/844/1160 747/847/1160
f 745/845/1161 749/852/1161 740/840/1161
f 741/841/1162 744/844/1162 742/842/1162
f 749/852/1163 745/845/1163 751/857/1163
f 749/856/1141 739/838/1141 736/837/1141
f 739/838/1149 748/851/1149 737/839/1149
f 748/851/1164 739/838/1164 750/853/1164
f 748/851/1148 742/849/1148 746/848/1148
o rybm
v 36.560333 686.356201 -236.210617
v 8.372133 676.145264 -97.436768
v 63.665459 672.758423 -234.833084
v 65.570160 658.208496 -195.327515
v 75.365128 637.709595 -220.078400
v 42.813179 664.756165 -229.698792
v -79.933830 686.356201 -236.210617
v -51.745636 676.145264 -97.436768
v -21.686750 676.145264 -97.436768
v -21.686750 669.657104 -226.322052
v -107.038963 672.758423 -234.833084
v -108.943665 658.208496 -195.327515
v -118.738632 637.709595 -220.078400
v -86.186684 664.756165 -229.698792
v -21.686750 662.249329 -223.097076
vn 0.4368 0.8863 0.1539
vn -0.2732 0.9618 0.0153
vn 0.6382 0.7319 0.2388
vn 0.9343 0.3467 0.0826
vn -0.1107 -0.3161 -0.9422
vn -0.0684 -0.4064 -0.9111
vn -0.0781 -0.3979 -0.9141
vn -0.2872 -0.9578 0.0077
vn -0.6603 -0.6856 0.3065
vn -0.0000 -0.9939 0.1099
vn -0.4368 0.8863 0.1539
vn -0.0000 0.9987 -0.0503
vn -0.6382 0.7319 0.2388
vn -0.9343 0.3467 0.0826
vn 0.1107 -0.3161 -0.9422
vn 0.0684 -0.4064 -0.9111
vn 0.0781 -0.3979 -0.9141
vn 0.2872 -0.9578 0.0077
vn 0.6603 -0.6856 0.3065
vn -0.0730 -0.3072 -0.9488
vn 0.0487 -0.9940 0.0983
vn 0.2732 0.9618 0.0153
vn 0.0730 -0.3072 -0.9488
vn -0.0487 -0.9940 0.0983
vt 0.569381 0.995250
vt 0.508319 0.994992
vt 0.484851 0.823131
vt 0.442646 0.994300
vt 0.560885 0.921773
vt 0.617564 0.973941
vt 0.372592 0.997014
vt 0.340503 0.989824
vt 0.360828 0.973137
vt 0.314447 0.955837
vt 0.433483 0.970950
vt 0.432739 0.962265
vt 0.338681 0.930683
vt 0.405980 0.829141
vt 0.437369 0.830241
vt 0.443800 0.824320
s 0
usemtl caith_sith
f 754/858/1165 752/859/1165 753/860/1165
f 761/861/1166 753/860/1166 752/859/1166
f 753/860/1167 755/862/1167 754/858/1167
f 755/862/1168 756/863/1168 754/858/1168
f 752/864/1169 754/865/1169 757/866/1169
f 756/867/1170 757/866/1170 754/865/1170
f 761/868/1171 757/866/1171 766/869/1171
f 755/870/1172 753/871/1172 757/866/1172
f 755/870/1173 757/866/1173 756/867/1173
f 766/869/1174 753/871/1174 760/872/1174
f 762/858/1175 759/860/1175 758/859/1175
f 761/861/1176 759/860/1176 760/873/1176
f 759/860/1177 762/858/1177 763/862/1177
f 763/862/1178 762/858/1178 764/863/1178
f 758/864/1179 765/866/1179 762/865/1179
f 764/867/1180 762/865/1180 765/866/1180
f 765/866/1181 761/868/1181 766/869/1181
f 763/870/1182 765/866/1182 759/871/1182
f 763/870/1183 764/867/1183 765/866/1183
f 759/871/1174 766/869/1174 760/872/1174
f 761/861/1176 760/873/1176 753/860/1176
f 761/868/1184 752/864/1184 757/866/1184
f 766/869/1185 757/866/1185 753/871/1185
f 761/861/1186 758/859/1186 759/860/1186
f 765/866/1187 758/864/1187 761/868/1187
f 759/871/1188 765/866/1188 766/869/1188
o rybo
v -1.099281 571.055298 -164.947998
v 22.957249 556.544067 -136.962143
v 22.957249 582.456909 -157.692413
v 22.957249 582.456909 -179.459183
v 22.957249 568.982239 -201.225967
v 47.013779 571.055298 -164.947998
v -12.604580 545.142456 -153.546356
v 26.095057 525.448669 -135.925629
v 27.140993 480.878632 -168.057541
v -1.099281 497.462830 -185.678268
v 25.049122 487.097717 -198.116425
v 30.278801 492.280273 -144.217743
v 57.473141 531.667786 -153.546356
v 40.738163 494.353302 -189.824326
v -8.420834 548.252014 -191.897339
v 22.957249 534.777344 -213.664124
v 25.049122 510.937500 -213.664124
v 50.151588 539.959900 -191.897339
vn -0.4694 0.5516 0.6895
vn -0.5846 0.6899 -0.4271
vn 0.4694 0.5516 0.6895
vn 0.4283 0.9036 -0.0000
vn -0.4194 -0.0121 0.9077
vn -0.4922 0.5243 0.6949
vn -0.4283 0.9036 -0.0000
vn -0.4268 -0.8910 -0.1547
vn -0.5090 -0.2686 0.8177
vn 0.5064 -0.1485 0.8494
vn 0.6038 0.3654 0.7085
vn 0.4765 0.0773 0.8758
vn 0.8299 -0.5379 0.1480
vn 0.8216 -0.5415 0.1780
vn 0.4992 -0.8410 -0.2087
vn -0.4509 0.3050 -0.8388
vn -0.5834 0.6912 -0.4264
vn -0.9228 0.3789 -0.0699
vn -0.5840 -0.0512 -0.8101
vn 0.5663 0.2817 -0.7746
vn 0.5846 0.6899 -0.4271
vn 0.7070 0.5026 -0.4976
vn 0.6177 0.0542 -0.7846
vn 0.9518 -0.2068 -0.2264
vn 0.9665 0.2168 -0.1376
vn 0.5709 -0.4485 -0.6877
vn -0.6722 -0.1847 -0.7170
vn -0.5238 -0.4653 -0.7135
vn 0.7570 -0.1847 -0.6267
vn -0.6366 -0.6598 0.3993
vn -0.9805 -0.1560 -0.1196
vn -0.7199 -0.4989 0.4825
vt 0.498620 0.277539
vt 0.436228 0.279402
vt 0.482825 0.238161
vt 0.523875 0.238201
vt 0.566318 0.260209
vt 0.286473 0.226396
vt 0.350530 0.226396
vt 0.300646 0.268316
vt 0.254122 0.253857
vt 0.486233 0.311600
vt 0.423728 0.338704
vt 0.483450 0.423638
vt 0.518594 0.371864
vt 0.546434 0.415289
vt 0.431996 0.403443
vt 0.393278 0.268122
vt 0.414972 0.328351
vt 0.346705 0.297773
vt 0.401749 0.376522
vt 0.348811 0.375297
vt 0.350362 0.410038
vt 0.530009 0.308995
vt 0.588782 0.328348
vt 0.588782 0.373211
vt 0.259546 0.368024
vt 0.235046 0.299806
vt 0.299939 0.324836
vt 0.293868 0.400182
s 0
usemtl caith_sith
f 767/874/1189 768/875/1189 769/876/1189
f 767/874/1190 770/877/1190 771/878/1190
f 769/879/1191 768/880/1191 772/881/1191
f 769/879/1192 772/881/1192 770/882/1192
f 773/883/1193 774/884/1193 768/875/1193
f 773/883/1194 768/875/1194 767/874/1194
f 770/877/1195 767/874/1195 769/876/1195
f 775/885/1196 776/886/1196 777/887/1196
f 774/884/1197 773/883/1197 778/888/1197
f 774/889/1198 778/890/1198 779/891/1198
f 779/891/1199 772/881/1199 768/880/1199
f 779/891/1200 768/880/1200 774/889/1200
f 779/891/1201 778/890/1201 775/892/1201
f 780/893/1202 779/891/1202 775/892/1202
f 777/894/1203 780/893/1203 775/892/1203
f 781/895/1204 771/878/1204 782/896/1204
f 781/895/1205 767/874/1205 771/878/1205
f 781/895/1206 773/883/1206 767/874/1206
f 782/896/1207 783/897/1207 781/895/1207
f 782/898/1208 771/899/1208 784/900/1208
f 771/899/1209 770/882/1209 772/881/1209
f 771/899/1210 772/881/1210 784/900/1210
f 784/900/1211 783/901/1211 782/898/1211
f 784/900/1212 779/891/1212 780/893/1212
f 784/900/1213 772/881/1213 779/891/1213
f 783/901/1214 780/893/1214 777/894/1214
f 783/897/1215 776/886/1215 781/895/1215
f 783/897/1216 777/887/1216 776/886/1216
f 783/901/1217 784/900/1217 780/893/1217
f 776/886/1218 775/885/1218 778/888/1218
f 776/886/1219 773/883/1219 781/895/1219
f 776/886/1220 778/888/1220 773/883/1220
o rybp
v 25.998337 451.799042 -183.643616
v 25.998337 428.155579 -242.731018
v 58.130245 471.522980 -209.009460
v -6.133572 471.522980 -209.009460
v 25.998337 491.246918 -234.375290
v 25.998337 478.521790 -218.010239
v 14.596691 471.522980 -209.009460
v 25.998337 512.888428 -191.287476
v 14.596691 505.889618 -182.286697
v 37.399982 505.889618 -182.286697
v 25.998337 464.524170 -200.008667
v 25.998337 498.890778 -173.285919
v 37.399982 471.522980 -209.009460
vn 0.6534 -0.7028 0.2812
vn -0.6534 -0.7028 0.2812
vn 0.6534 0.0994 -0.7504
vn -0.6534 0.0994 -0.7504
vn -0.7071 0.4341 -0.5582
vn -0.0000 0.7894 0.6138
vn -0.7071 -0.4341 0.5582
vn 0.7071 0.4341 -0.5582
vn 0.7071 -0.4341 0.5582
vt 0.393181 0.835135
vt 0.297978 0.824253
vt 0.354440 0.800323
vt 0.347583 0.860308
vt 0.356366 0.748273
vt 0.337715 0.911449
vt 0.280960 0.625864
vt 0.310072 0.625864
vt 0.280960 0.774740
vt 0.311255 0.788290
vt 0.249820 0.788290
vt 0.191000 0.625864
vt 0.219668 0.625864
vt 0.191000 0.788290
vt 0.219668 0.774345
vt 0.249353 0.625864
s 0
usemtl caith_sith
f 785/902/1221 786/903/1221 787/904/1221
f 788/905/1222 786/903/1222 785/902/1222
f 789/906/1223 787/904/1223 786/903/1223
f 789/907/1224 786/903/1224 788/905/1224
f 790/908/1225 791/909/1225 792/910/1225
f 792/910/1225 791/909/1225 793/911/1225
f 792/910/1226 793/911/1226 794/912/1226
f 791/913/1227 795/914/1227 793/915/1227
f 793/915/1227 795/914/1227 796/916/1227
f 797/917/1228 790/908/1228 794/912/1228
f 794/912/1228 790/908/1228 792/910/1228
f 794/912/1226 793/915/1226 796/916/1226
f 795/914/1229 797/917/1229 796/916/1229
f 796/916/1229 797/917/1229 794/912/1229
f 787/904/1226 789/906/1226 785/902/1226
f 785/902/1226 789/907/1226 788/905/1226
o rybq
v 25.712753 383.458252 -164.569458
v 6.019003 411.361786 -207.208878
v -14.763588 349.183350 -184.655930
v 25.712753 348.005524 -152.746994
v 66.571243 349.183350 -184.655930
v 45.406502 411.361786 -207.208878
v 45.406502 446.813080 -230.849411
v 25.712753 433.451691 -213.666107
v 6.019003 446.813080 -230.849411
v 54.735123 390.540009 -237.842361
v 61.990715 408.991455 -261.571716
v 25.712753 327.550659 -156.835327
v 25.712753 458.901947 -246.396210
v -10.565208 408.991455 -261.571716
v -3.309616 390.540009 -237.842361
v 25.712753 429.118591 -287.456055
v 56.975349 360.216217 -177.524109
v -2.476601 362.464233 -176.391708
v -1.485210 334.837006 -166.205887
v 4.619638 351.028656 -160.555435
v 46.195877 350.390564 -161.148483
v 50.993828 335.033112 -166.458099
v 47.340942 422.573730 -279.039093
v 39.048836 455.305298 -241.770782
v 12.376671 455.152313 -241.574036
v 4.084564 422.420746 -278.842346
vn -0.6219 0.4920 0.6092
vn 0.6038 0.4426 0.6630
vn 0.3299 0.5237 0.7854
vn -0.3299 0.5237 0.7854
vn -0.0000 0.2806 0.9598
vn 0.9565 -0.0008 0.2918
vn -0.3642 -0.1825 0.9132
vn 0.9390 0.3396 0.0551
vn -0.0000 0.7894 0.6138
vn -0.4360 0.7285 -0.5284
vn -0.6994 0.2250 0.6783
vn -0.9565 -0.0008 0.2918
vn -0.0000 0.8368 0.5476
vn -0.9420 0.1862 0.2792
vn 0.8015 0.4253 0.4204
vn -0.9403 0.3354 0.0583
vn 0.9420 0.1862 0.2792
vn -0.0000 -0.7894 -0.6138
vn -0.2925 0.3025 0.9072
vn 0.6199 0.4940 0.6096
vn 0.8846 0.4299 -0.1807
vn 0.3912 -0.1804 0.9025
vn -0.7751 0.4277 0.4650
vn -0.6182 0.4792 0.6231
vn 0.8177 0.0575 0.5727
vn 0.3323 0.2984 0.8948
vn 0.3908 0.7330 -0.5568
vn -0.8816 0.4341 -0.1851
vn -0.3635 -0.1818 0.9137
vn -0.4045 0.7299 -0.5510
vn -0.8568 0.1510 0.4930
vn 0.7996 0.5488 -0.2439
vn 0.3972 -0.1866 0.8986
vn 0.6927 0.1459 0.7063
vn 0.4279 0.7316 -0.5307
vn -0.7970 0.5508 -0.2478
vt 0.460054 0.489521
vt 0.501593 0.507403
vt 0.450433 0.520144
vt 0.433961 0.469722
vt 0.449216 0.455379
vt 0.501614 0.471656
vt 0.530473 0.478618
vt 0.517248 0.489539
vt 0.530457 0.500481
vt 0.517565 0.439698
vt 0.548911 0.445094
vt 0.434266 0.509116
vt 0.407792 0.489264
vt 0.430188 0.489364
vt 0.444354 0.439485
vt 0.537143 0.482931
vt 0.537026 0.496202
vt 0.567069 0.513724
vt 0.538995 0.489558
vt 0.573683 0.489612
vt 0.420013 0.521599
vt 0.444393 0.539371
vt 0.548845 0.534021
vt 0.517493 0.539373
vt 0.414701 0.609329
vt 0.416839 0.557073
vt 0.440726 0.544948
vt 0.558614 0.569295
vt 0.556837 0.612367
vt 0.534125 0.625915
vt 0.504542 0.617285
vt 0.436920 0.625915
vt 0.507258 0.559503
vt 0.537521 0.553687
vt 0.567252 0.465598
vt 0.419939 0.458801
vt 0.403750 0.583592
vt 0.568463 0.591336
s 0
usemtl caith_sith
f 798/918/1230 799/919/1230 815/920/1230
f 798/918/1231 818/921/1231 814/922/1231
f 803/923/1232 804/924/1232 805/925/1232
f 805/925/1233 806/926/1233 799/919/1233
f 803/923/1234 805/925/1234 799/919/1234
f 803/923/1235 807/927/1235 808/928/1235
f 817/929/1236 809/930/1236 801/931/1236
f 803/923/1237 802/932/1237 807/927/1237
f 821/933/1238 805/925/1238 804/924/1238
f 805/925/1238 822/934/1238 806/926/1238
f 823/935/1239 810/936/1239 813/937/1239
f 816/938/1240 815/920/1240 800/939/1240
f 799/919/1241 811/940/1241 812/941/1241
f 799/919/1242 798/918/1242 803/923/1242
f 799/919/1243 806/926/1243 811/940/1243
f 802/932/1244 803/923/1244 814/922/1244
f 812/941/1245 800/939/1245 799/919/1245
f 808/928/1246 804/924/1246 803/923/1246
f 819/942/1247 816/943/1247 800/944/1247
f 823/945/1247 820/946/1247 808/947/1247
f 807/948/1247 802/949/1247 812/950/1247
f 812/950/1247 802/949/1247 800/944/1247
f 812/950/1247 811/951/1247 807/948/1247
f 807/948/1247 811/951/1247 808/947/1247
f 798/918/1248 817/929/1248 801/931/1248
f 814/922/1249 803/923/1249 798/918/1249
f 804/924/1250 820/952/1250 821/933/1250
f 809/930/1251 818/921/1251 801/931/1251
f 815/920/1252 799/919/1252 800/939/1252
f 815/920/1253 817/929/1253 798/918/1253
f 819/953/1254 814/922/1254 818/921/1254
f 818/921/1255 798/918/1255 801/931/1255
f 820/952/1256 810/936/1256 821/933/1256
f 823/935/1257 806/926/1257 822/934/1257
f 817/929/1258 816/938/1258 809/930/1258
f 821/933/1238 810/936/1238 805/925/1238
f 805/925/1238 810/936/1238 822/934/1238
f 823/935/1259 822/934/1259 810/936/1259
f 816/938/1260 817/929/1260 815/920/1260
f 800/944/1247 802/949/1247 819/942/1247
f 819/942/1247 809/954/1247 816/943/1247
f 808/947/1247 811/951/1247 823/945/1247
f 823/945/1247 813/955/1247 820/946/1247
f 804/924/1261 808/928/1261 820/952/1261
f 809/930/1262 819/953/1262 818/921/1262
f 819/953/1263 802/932/1263 814/922/1263
f 820/952/1264 813/937/1264 810/936/1264
f 823/935/1265 811/940/1265 806/926/1265
o rybs
v -21.619438 548.410828 -213.897339
v -12.290819 562.970825 -208.444138
v -30.948057 562.970825 -208.444138
v -30.948057 597.871338 -301.628113
v -12.290819 597.871338 -301.628113
v -21.619438 583.311340 -307.081299
vn -0.0000 -0.3507 0.9365
vn -0.0000 0.3507 -0.9365
vn -0.0000 0.9365 0.3507
vn -0.8575 -0.4818 -0.1805
vn 0.8575 -0.4818 -0.1805
vt 0.318414 0.739074
vt 0.339961 0.731255
vt 0.357490 0.739074
vt 0.377697 0.647229
vt 0.357490 0.638262
vt 0.396566 0.638262
vt 0.396566 0.739074
vt 0.318414 0.638262
s 0
usemtl caith_sith
f 824/956/1266 825/957/1266 826/958/1266
f 827/959/1267 828/960/1267 829/961/1267
f 827/959/1268 826/958/1268 828/960/1268
f 827/959/1269 824/962/1269 826/958/1269
f 829/961/1269 824/962/1269 827/959/1269
f 829/963/1270 825/957/1270 824/956/1270
f 828/960/1268 826/958/1268 825/957/1268
f 828/960/1270 825/957/1270 829/963/1270
o rybu
v -21.619438 681.622559 -416.246643
v -30.948057 693.250977 -405.926270
v -12.290819 693.250977 -405.926270
v -21.619438 583.922974 -306.164001
v -12.290819 595.551453 -295.843628
v -30.948057 595.551453 -295.843628
v -12.290819 661.601807 -370.265686
v -30.948057 661.601807 -370.265686
v -21.619438 649.973389 -380.586060
v -21.619438 690.636169 -411.312347
v -32.402309 693.253418 -423.099121
v -10.836568 691.540527 -423.558868
v -21.619438 705.654480 -412.030243
vn -0.2081 0.9718 -0.1114
vn -0.0000 -0.6638 0.7479
vn -0.0000 0.7479 0.6638
vn 0.8575 -0.3848 -0.3415
vn -0.8575 -0.3848 -0.3415
vn -0.0000 0.4415 0.8972
vn 0.7164 -0.6863 0.1257
vn -0.7502 -0.6581 0.0634
vn 0.5082 -0.0411 -0.8603
vn -0.5082 -0.0411 -0.8603
vn 0.2582 0.9659 -0.0217
vn 0.7323 0.3270 -0.5973
vn -0.7197 0.3334 -0.6090
vt 0.426359 0.638379
vt 0.439800 0.650323
vt 0.424733 0.647728
vt 0.496150 0.791191
vt 0.441678 0.791380
vt 0.468632 0.777739
vt 0.438653 0.700968
vt 0.479615 0.701765
vt 0.404000 0.648945
vt 0.409356 0.791948
vt 0.404000 0.700920
vt 0.512027 0.702581
vt 0.480939 0.651521
vt 0.516264 0.651351
vt 0.462075 0.633659
vt 0.496322 0.649434
vt 0.496746 0.640237
s 0
usemtl caith_sith
f 839/964/1271 832/965/1271 841/966/1271
f 833/967/1272 834/968/1272 835/969/1272
f 835/969/1273 836/970/1273 837/971/1273
f 836/970/1274 830/972/1274 832/965/1274
f 836/970/1273 832/965/1273 837/971/1273
f 834/968/1274 833/973/1274 836/970/1274
f 836/970/1274 833/973/1274 838/974/1274
f 834/968/1273 836/970/1273 835/969/1273
f 838/974/1274 830/972/1274 836/970/1274
f 838/975/1275 831/976/1275 830/977/1275
f 838/975/1275 833/967/1275 837/971/1275
f 837/971/1273 832/965/1273 831/976/1273
f 837/971/1275 831/976/1275 838/975/1275
f 837/971/1275 833/967/1275 835/969/1275
f 831/976/1276 832/965/1276 842/978/1276
f 832/965/1277 830/972/1277 841/966/1277
f 830/977/1278 831/976/1278 840/979/1278
f 842/978/1279 832/965/1279 839/964/1279
f 839/980/1280 831/976/1280 842/978/1280
f 840/979/1281 831/976/1281 839/980/1281
f 839/980/1282 830/977/1282 840/979/1282
f 839/964/1283 841/966/1283 830/972/1283
